solid OpenSCAD_Model
  facet normal 0 0 -1
    outer loop
      vertex 5.274575140626315 -74.69463130731182 0
      vertex 7.5357130591008 -69.87595031908516 0
      vertex 7.275784314464708 -77.11367764821722 0
    endloop
  endfacet
  facet normal 0 0 -1
    outer loop
      vertex 9.56440025628276 -79.26283106939474 0
      vertex 12.432808210151862 -75.79552147690369 0
      vertex 12.104330125525083 -81.10819813755037 0
    endloop
  endfacet
  facet normal 0 0 -1
    outer loop
      vertex 9.56440025628276 -79.26283106939474 0
      vertex 7.275784314464708 -77.11367764821722 0
      vertex 10.556143137861062 -74.03321567153812 0
    endloop
  endfacet
  facet normal 0 0 -1
    outer loop
      vertex 7.275784314464708 -77.11367764821722 0
      vertex 7.5357130591008 -69.87595031908516 0
      vertex 8.915151615313576 -72.0495976719957 0
    endloop
  endfacet
  facet normal 0 0 -1
    outer loop
      vertex 7.275784314464708 -77.11367764821722 0
      vertex 8.915151615313576 -72.0495976719957 0
      vertex 10.556143137861062 -74.03321567153812 0
    endloop
  endfacet
  facet normal 0 0 -1
    outer loop
      vertex 9.56440025628276 -79.26283106939474 0
      vertex 10.556143137861062 -74.03321567153812 0
      vertex 12.432808210151862 -75.79552147690369 0
    endloop
  endfacet
  facet normal -0.8443279255020147 -0.5358267949789971 -2.092087418097296e-18
    outer loop
      vertex 5.274575140626315 -74.69463130731182 0
      vertex 3.5923329989034123 -72.04384185254288 60
      vertex 3.5923329989034123 -72.04384185254288 0
    endloop
  endfacet
  facet normal -0.7705132427757908 -0.6374239897486877 0
    outer loop
      vertex 5.274575140626315 -74.69463130731182 0
      vertex 7.275784314464708 -77.11367764821722 0
      vertex 5.274575140626315 -74.69463130731182 60
    endloop
  endfacet
  facet normal -0.5877852522924721 -0.8090169943749481 -1.1677694084471282e-18
    outer loop
      vertex 9.56440025628276 -79.26283106939474 0
      vertex 12.104330125525083 -81.10819813755037 0
      vertex 12.104330125525083 -81.10819813755037 60
    endloop
  endfacet
  facet normal -0.6845471059286882 -0.7289686274214121 0
    outer loop
      vertex 9.56440025628276 -79.26283106939474 0
      vertex 9.56440025628276 -79.26283106939474 60
      vertex 7.275784314464708 -77.11367764821722 0
    endloop
  endfacet
  facet normal 0 0 -1
    outer loop
      vertex 5.274575140626315 -74.69463130731182 0
      vertex 3.5923329989034123 -72.04384185254288 0
      vertex 5.644045196863061 -65.09814268687953 0
    endloop
  endfacet
  facet normal 0 0 -1
    outer loop
      vertex 5.274575140626315 -74.69463130731182 0
      vertex 6.439582039290844 -67.54655333003589 0
      vertex 7.5357130591008 -69.87595031908516 0
    endloop
  endfacet
  facet normal 0 0 -1
    outer loop
      vertex 3.5923329989034123 -72.04384185254288 0
      vertex 5.161648623053203 -62.569331288068234 0
      vertex 5.644045196863061 -65.09814268687953 0
    endloop
  endfacet
  facet normal 0 0 -1
    outer loop
      vertex 5.274575140626315 -74.69463130731182 0
      vertex 5.644045196863061 -65.09814268687953 0
      vertex 6.439582039290844 -67.54655333003589 0
    endloop
  endfacet
  facet normal 0 0 -1
    outer loop
      vertex 2.255587852793713 -69.20311381711694 0
      vertex 1.285420971784223 -66.21724717912137 0
      vertex 2.255587852793713 -50.79688618288306 0
    endloop
  endfacet
  facet normal 0 0 -1
    outer loop
      vertex 1.285420971784223 -66.21724717912137 0
      vertex 0.6971324671380543 -63.1333308391076 0
      vertex 1.285420971784223 -53.78275282087863 0
    endloop
  endfacet
  facet normal 0 0 -1
    outer loop
      vertex 3.5923329989034123 -72.04384185254288 0
      vertex 2.255587852793713 -69.20311381711694 0
      vertex 3.5923329989034123 -47.95615814745712 0
    endloop
  endfacet
  facet normal 0 0 -1
    outer loop
      vertex 3.5923329989034123 -72.04384185254288 0
      vertex 5 -60 0
      vertex 5.161648623053203 -62.569331288068234 0
    endloop
  endfacet
  facet normal -0.9048270524660195 -0.42577929156507277 6.867333275981609e-19
    outer loop
      vertex 3.5923329989034123 -72.04384185254288 0
      vertex 2.255587852793713 -69.20311381711694 60
      vertex 2.255587852793713 -69.20311381711694 0
    endloop
  endfacet
  facet normal -0.9510565162951535 -0.3090169943749474 -6.423212302046316e-19
    outer loop
      vertex 2.255587852793713 -69.20311381711694 0
      vertex 1.285420971784223 -66.21724717912137 60
      vertex 1.285420971784223 -66.21724717912137 0
    endloop
  endfacet
  facet normal -0.9822872507286888 -0.18738131458572446 4.959654262119045e-19
    outer loop
      vertex 1.285420971784223 -66.21724717912137 0
      vertex 0.6971324671380543 -63.1333308391076 60
      vertex 0.6971324671380543 -63.1333308391076 0
    endloop
  endfacet
  facet normal -0.9980267284282714 -0.06279051952931351 -1.6725639539843237e-19
    outer loop
      vertex 0.6971324671380543 -63.1333308391076 0
      vertex 0.5 -60 60
      vertex 0.5 -60 0
    endloop
  endfacet
  facet normal 0 0 -1
    outer loop
      vertex 12.104330125525083 -81.10819813755037 0
      vertex 14.515550702930568 -77.3087224727913 0
      vertex 16.771524522916017 -78.54895457555341 0
    endloop
  endfacet
  facet normal 0 0 -1
    outer loop
      vertex 12.104330125525083 -81.10819813755037 0
      vertex 16.771524522916017 -78.54895457555341 0
      vertex 14.855517710873189 -82.62067631165048 0
    endloop
  endfacet
  facet normal 0 0 -1
    outer loop
      vertex 14.855517710873189 -82.62067631165048 0
      vertex 19.16515161531358 -79.49665858405065 0
      vertex 17.774575140626315 -83.77641290737884 0
    endloop
  endfacet
  facet normal 0 0 -1
    outer loop
      vertex 14.855517710873189 -82.62067631165048 0
      vertex 16.771524522916017 -78.54895457555341 0
      vertex 19.16515161531358 -79.49665858405065 0
    endloop
  endfacet
  facet normal 0 0 -1
    outer loop
      vertex 12.104330125525083 -81.10819813755037 0
      vertex 12.432808210151862 -75.79552147690369 0
      vertex 14.515550702930568 -77.3087224727913 0
    endloop
  endfacet
  facet normal 0 0 -1
    outer loop
      vertex 17.774575140626315 -83.77641290737884 0
      vertex 21.658683050992643 -80.13688863993812 0
      vertex 20.81546713535688 -84.55718126821722 0
    endloop
  endfacet
  facet normal 0 0 -1
    outer loop
      vertex 17.774575140626315 -83.77641290737884 0
      vertex 19.16515161531358 -79.49665858405065 0
      vertex 21.658683050992643 -80.13688863993812 0
    endloop
  endfacet
  facet normal 0 0 -1
    outer loop
      vertex 20.81546713535688 -84.55718126821722 0
      vertex 21.658683050992643 -80.13688863993812 0
      vertex 24.21279434964907 -80.45954793277957 0
    endloop
  endfacet
  facet normal 0 0 -1
    outer loop
      vertex 20.81546713535688 -84.55718126821722 0
      vertex 24.21279434964907 -80.45954793277957 0
      vertex 23.930237011767154 -84.9506682107068 0
    endloop
  endfacet
  facet normal 0 0 -1
    outer loop
      vertex 23.930237011767154 -84.9506682107068 0
      vertex 24.21279434964907 -80.45954793277957 0
      vertex 26.78720565035093 -80.45954793277957 0
    endloop
  endfacet
  facet normal -0.4817536741017141 -0.8763066800438641 2.2427565879541157e-18
    outer loop
      vertex 12.104330125525083 -81.10819813755037 0
      vertex 14.855517710873189 -82.62067631165048 0
      vertex 14.855517710873189 -82.62067631165048 60
    endloop
  endfacet
  facet normal -0.3681245526846799 -0.9297764858882506 -4.554588046529837e-19
    outer loop
      vertex 14.855517710873189 -82.62067631165048 0
      vertex 17.774575140626315 -83.77641290737884 0
      vertex 17.774575140626315 -83.77641290737884 60
    endloop
  endfacet
  facet normal -0.2486898871648558 -0.9685831611286309 -7.717073452521446e-19
    outer loop
      vertex 17.774575140626315 -83.77641290737884 0
      vertex 20.81546713535688 -84.55718126821722 0
      vertex 20.81546713535688 -84.55718126821722 60
    endloop
  endfacet
  facet normal -0.12533323356430506 -0.9921147013144779 4.18408329675429e-19
    outer loop
      vertex 20.81546713535688 -84.55718126821722 0
      vertex 23.930237011767154 -84.9506682107068 0
      vertex 23.930237011767154 -84.9506682107068 60
    endloop
  endfacet
  facet normal -0.7705132427757908 -0.6374239897486877 0
    outer loop
      vertex 7.275784314464708 -77.11367764821722 0
      vertex 7.275784314464708 -77.11367764821722 60
      vertex 5.274575140626315 -74.69463130731182 60
    endloop
  endfacet
  facet normal -0.8443279255020147 -0.5358267949789971 0
    outer loop
      vertex 5.274575140626315 -74.69463130731182 0
      vertex 5.274575140626315 -74.69463130731182 60
      vertex 3.5923329989034123 -72.04384185254288 60
    endloop
  endfacet
  facet normal -0.5877852522924721 -0.8090169943749481 0
    outer loop
      vertex 9.56440025628276 -79.26283106939474 0
      vertex 12.104330125525083 -81.10819813755037 60
      vertex 9.56440025628276 -79.26283106939474 60
    endloop
  endfacet
  facet normal -0.6845471059286882 -0.7289686274214121 0
    outer loop
      vertex 7.275784314464708 -77.11367764821722 0
      vertex 9.56440025628276 -79.26283106939474 60
      vertex 7.275784314464708 -77.11367764821722 60
    endloop
  endfacet
  facet normal 0 0 1
    outer loop
      vertex 9.56440025628276 -79.26283106939474 60
      vertex 8.764023254011473 -66.6262419483242 60
      vertex 7.275784314464708 -77.11367764821722 60
    endloop
  endfacet
  facet normal 0 0 1
    outer loop
      vertex 9.56440025628276 -79.26283106939474 60
      vertex 12.104330125525083 -81.10819813755037 60
      vertex 10.937694101250946 -70.58013454126451 60
    endloop
  endfacet
  facet normal 0 0 1
    outer loop
      vertex 12.104330125525083 -81.10819813755037 60
      vertex 14.026368184523587 -73.86923836996421 60
      vertex 12.37856470641459 -72.32184790671639 60
    endloop
  endfacet
  facet normal 0 0 1
    outer loop
      vertex 9.56440025628276 -79.26283106939474 60
      vertex 10.937694101250946 -70.58013454126451 60
      vertex 9.726479759210457 -68.67156613383088 60
    endloop
  endfacet
  facet normal 0 0 1
    outer loop
      vertex 12.104330125525083 -81.10819813755037 60
      vertex 12.37856470641459 -72.32184790671639 60
      vertex 10.937694101250946 -70.58013454126451 60
    endloop
  endfacet
  facet normal -0.9048270524660195 -0.42577929156507277 0
    outer loop
      vertex 3.5923329989034123 -72.04384185254288 0
      vertex 3.5923329989034123 -72.04384185254288 60
      vertex 2.255587852793713 -69.20311381711694 60
    endloop
  endfacet
  facet normal -0.9510565162951535 -0.3090169943749474 0
    outer loop
      vertex 2.255587852793713 -69.20311381711694 0
      vertex 2.255587852793713 -69.20311381711694 60
      vertex 1.285420971784223 -66.21724717912137 60
    endloop
  endfacet
  facet normal -0.9822872507286888 -0.18738131458572446 0
    outer loop
      vertex 1.285420971784223 -66.21724717912137 0
      vertex 1.285420971784223 -66.21724717912137 60
      vertex 0.6971324671380543 -63.1333308391076 60
    endloop
  endfacet
  facet normal -0.9980267284282714 -0.06279051952931351 0
    outer loop
      vertex 0.6971324671380543 -63.1333308391076 0
      vertex 0.6971324671380543 -63.1333308391076 60
      vertex 0.5 -60 60
    endloop
  endfacet
  facet normal 0 0 1
    outer loop
      vertex 3.5923329989034123 -72.04384185254288 60
      vertex 2.255587852793713 -50.79688618288306 60
      vertex 2.255587852793713 -69.20311381711694 60
    endloop
  endfacet
  facet normal 0 0 1
    outer loop
      vertex 1.285420971784223 -66.21724717912137 60
      vertex 0.6971324671380543 -56.8666691608924 60
      vertex 0.6971324671380543 -63.1333308391076 60
    endloop
  endfacet
  facet normal 0 0 1
    outer loop
      vertex 2.255587852793713 -69.20311381711694 60
      vertex 1.285420971784223 -53.78275282087863 60
      vertex 1.285420971784223 -66.21724717912137 60
    endloop
  endfacet
  facet normal 0 0 1
    outer loop
      vertex 5.274575140626315 -74.69463130731182 60
      vertex 3.5923329989034123 -47.95615814745712 60
      vertex 3.5923329989034123 -72.04384185254288 60
    endloop
  endfacet
  facet normal 0 0 1
    outer loop
      vertex 5.274575140626315 -74.69463130731182 60
      vertex 7.275784314464708 -77.11367764821722 60
      vertex 5.274575140626315 -45.30536869268817 60
    endloop
  endfacet
  facet normal 0 0 1
    outer loop
      vertex 7.275784314464708 -77.11367764821722 60
      vertex 8.764023254011473 -66.6262419483242 60
      vertex 8.06550309968464 -64.47641796896738 60
    endloop
  endfacet
  facet normal 0 0 1
    outer loop
      vertex 9.56440025628276 -79.26283106939474 60
      vertex 9.726479759210457 -68.67156613383088 60
      vertex 8.764023254011473 -66.6262419483242 60
    endloop
  endfacet
  facet normal 0 0 1
    outer loop
      vertex 7.275784314464708 -77.11367764821722 60
      vertex 8.06550309968464 -64.47641796896738 60
      vertex 7.641935376339397 -62.25599820415747 60
    endloop
  endfacet
  facet normal 0 0 1
    outer loop
      vertex 7.275784314464708 -77.11367764821722 60
      vertex 7.641935376339397 -62.25599820415747 60
      vertex 7.5 -60 60
    endloop
  endfacet
  facet normal -0.3681245526846799 -0.9297764858882506 0
    outer loop
      vertex 14.855517710873189 -82.62067631165048 0
      vertex 17.774575140626315 -83.77641290737884 60
      vertex 14.855517710873189 -82.62067631165048 60
    endloop
  endfacet
  facet normal -0.4817536741017141 -0.8763066800438641 0
    outer loop
      vertex 12.104330125525083 -81.10819813755037 0
      vertex 14.855517710873189 -82.62067631165048 60
      vertex 12.104330125525083 -81.10819813755037 60
    endloop
  endfacet
  facet normal -0.2486898871648558 -0.9685831611286309 0
    outer loop
      vertex 17.774575140626315 -83.77641290737884 0
      vertex 20.81546713535688 -84.55718126821722 60
      vertex 17.774575140626315 -83.77641290737884 60
    endloop
  endfacet
  facet normal -0.12533323356430506 -0.9921147013144779 0
    outer loop
      vertex 20.81546713535688 -84.55718126821722 0
      vertex 23.930237011767154 -84.9506682107068 60
      vertex 20.81546713535688 -84.55718126821722 60
    endloop
  endfacet
  facet normal 0 -1 0
    outer loop
      vertex 23.930237011767154 -84.9506682107068 0
      vertex 27.069762988232846 -84.9506682107068 60
      vertex 23.930237011767154 -84.9506682107068 60
    endloop
  endfacet
  facet normal 0 0 1
    outer loop
      vertex 12.104330125525083 -81.10819813755037 60
      vertex 14.855517710873189 -82.62067631165048 60
      vertex 14.026368184523587 -73.86923836996421 60
    endloop
  endfacet
  facet normal 0 0 1
    outer loop
      vertex 14.855517710873189 -82.62067631165048 60
      vertex 17.774575140626315 -83.77641290737884 60
      vertex 15.85511769037806 -75.19790265903627 60
    endloop
  endfacet
  facet normal 0 0 1
    outer loop
      vertex 17.774575140626315 -83.77641290737884 60
      vertex 19.937694101250948 -77.11901729331277 60
      vertex 17.835972751828695 -76.28688694438836 60
    endloop
  endfacet
  facet normal 0 0 1
    outer loop
      vertex 14.855517710873189 -82.62067631165048 60
      vertex 15.85511769037806 -75.19790265903627 60
      vertex 14.026368184523587 -73.86923836996421 60
    endloop
  endfacet
  facet normal 0 0 1
    outer loop
      vertex 17.774575140626315 -83.77641290737884 60
      vertex 17.835972751828695 -76.28688694438836 60
      vertex 15.85511769037806 -75.19790265903627 60
    endloop
  endfacet
  facet normal 0 0 1
    outer loop
      vertex 20.81546713535688 -84.55718126821722 60
      vertex 23.930237011767154 -84.9506682107068 60
      vertex 22.127136337456953 -77.6811705131164 60
    endloop
  endfacet
  facet normal 0 0 1
    outer loop
      vertex 17.774575140626315 -83.77641290737884 60
      vertex 20.81546713535688 -84.55718126821722 60
      vertex 19.937694101250948 -77.11901729331277 60
    endloop
  endfacet
  facet normal 0 0 1
    outer loop
      vertex 20.81546713535688 -84.55718126821722 60
      vertex 22.127136337456953 -77.6811705131164 60
      vertex 19.937694101250948 -77.11901729331277 60
    endloop
  endfacet
  facet normal 0 0 1
    outer loop
      vertex 23.930237011767154 -84.9506682107068 60
      vertex 27.069762988232846 -84.9506682107068 60
      vertex 24.369770648472354 -77.96448111170889 60
    endloop
  endfacet
  facet normal 0 0 1
    outer loop
      vertex 23.930237011767154 -84.9506682107068 60
      vertex 24.369770648472354 -77.96448111170889 60
      vertex 22.127136337456953 -77.6811705131164 60
    endloop
  endfacet
  facet normal 0 0 -1
    outer loop
      vertex 0.6971324671380543 -63.1333308391076 0
      vertex 0.5 -60 0
      vertex 0.6971324671380543 -56.8666691608924 0
    endloop
  endfacet
  facet normal 0 0 -1
    outer loop
      vertex 0.6971324671380543 -63.1333308391076 0
      vertex 0.6971324671380543 -56.8666691608924 0
      vertex 1.285420971784223 -53.78275282087863 0
    endloop
  endfacet
  facet normal 0 0 -1
    outer loop
      vertex 1.285420971784223 -66.21724717912137 0
      vertex 1.285420971784223 -53.78275282087863 0
      vertex 2.255587852793713 -50.79688618288306 0
    endloop
  endfacet
  facet normal 0 0 -1
    outer loop
      vertex 2.255587852793713 -69.20311381711694 0
      vertex 2.255587852793713 -50.79688618288306 0
      vertex 3.5923329989034123 -47.95615814745712 0
    endloop
  endfacet
  facet normal 0 0 -1
    outer loop
      vertex 3.5923329989034123 -72.04384185254288 0
      vertex 5.274575140626315 -45.30536869268817 0
      vertex 5 -60 0
    endloop
  endfacet
  facet normal 0 0 -1
    outer loop
      vertex 3.5923329989034123 -72.04384185254288 0
      vertex 3.5923329989034123 -47.95615814745712 0
      vertex 5.274575140626315 -45.30536869268817 0
    endloop
  endfacet
  facet normal 0 0 -1
    outer loop
      vertex 5.274575140626315 -45.30536869268817 0
      vertex 5.161648623053203 -57.430668711931766 0
      vertex 5 -60 0
    endloop
  endfacet
  facet normal 0 0 -1
    outer loop
      vertex 5.274575140626315 -45.30536869268817 0
      vertex 5.644045196863061 -54.90185731312047 0
      vertex 5.161648623053203 -57.430668711931766 0
    endloop
  endfacet
  facet normal 0 0 -1
    outer loop
      vertex 5.274575140626315 -45.30536869268817 0
      vertex 6.439582039290844 -52.4534466699641 0
      vertex 5.644045196863061 -54.90185731312047 0
    endloop
  endfacet
  facet normal 0 0 -1
    outer loop
      vertex 7.275784314464708 -42.88632235178279 0
      vertex 7.5357130591008 -50.12404968091484 0
      vertex 6.439582039290844 -52.4534466699641 0
    endloop
  endfacet
  facet normal -0.9980267284282714 0.06279051952931351 1.6725639539843237e-19
    outer loop
      vertex 0.5 -60 0
      vertex 0.6971324671380543 -56.8666691608924 60
      vertex 0.6971324671380543 -56.8666691608924 0
    endloop
  endfacet
  facet normal -0.9822872507286888 0.18738131458572446 -4.959654262119045e-19
    outer loop
      vertex 0.6971324671380543 -56.8666691608924 0
      vertex 1.285420971784223 -53.78275282087863 60
      vertex 1.285420971784223 -53.78275282087863 0
    endloop
  endfacet
  facet normal -0.9510565162951535 0.3090169943749474 6.423212302046316e-19
    outer loop
      vertex 1.285420971784223 -53.78275282087863 0
      vertex 2.255587852793713 -50.79688618288306 60
      vertex 2.255587852793713 -50.79688618288306 0
    endloop
  endfacet
  facet normal -0.9048270524660195 0.42577929156507277 -6.867333275981609e-19
    outer loop
      vertex 2.255587852793713 -50.79688618288306 0
      vertex 3.5923329989034123 -47.95615814745712 60
      vertex 3.5923329989034123 -47.95615814745712 0
    endloop
  endfacet
  facet normal 0 0 -1
    outer loop
      vertex 5.274575140626315 -45.30536869268817 0
      vertex 7.275784314464708 -42.88632235178279 0
      vertex 6.439582039290844 -52.4534466699641 0
    endloop
  endfacet
  facet normal 0 0 -1
    outer loop
      vertex 7.275784314464708 -42.88632235178279 0
      vertex 8.915151615313576 -47.9504023280043 0
      vertex 7.5357130591008 -50.12404968091484 0
    endloop
  endfacet
  facet normal 0 0 -1
    outer loop
      vertex 9.56440025628276 -40.737168930605264 0
      vertex 10.556143137861062 -45.966784328461884 0
      vertex 8.915151615313576 -47.9504023280043 0
    endloop
  endfacet
  facet normal 0 0 -1
    outer loop
      vertex 7.275784314464708 -42.88632235178279 0
      vertex 9.56440025628276 -40.737168930605264 0
      vertex 8.915151615313576 -47.9504023280043 0
    endloop
  endfacet
  facet normal 0 0 -1
    outer loop
      vertex 9.56440025628276 -40.737168930605264 0
      vertex 12.104330125525083 -38.891801862449626 0
      vertex 10.556143137861062 -45.966784328461884 0
    endloop
  endfacet
  facet normal 0 0 -1
    outer loop
      vertex 12.104330125525083 -38.891801862449626 0
      vertex 12.432808210151862 -44.20447852309632 0
      vertex 10.556143137861062 -45.966784328461884 0
    endloop
  endfacet
  facet normal -0.8443279255020155 0.5358267949789961 -4.63757760992098e-19
    outer loop
      vertex 3.5923329989034123 -47.95615814745712 0
      vertex 5.274575140626315 -45.30536869268817 60
      vertex 5.274575140626315 -45.30536869268817 0
    endloop
  endfacet
  facet normal -0.770513242775789 0.6374239897486901 -7.004568295975929e-20
    outer loop
      vertex 5.274575140626315 -45.30536869268817 0
      vertex 7.275784314464708 -42.88632235178279 60
      vertex 7.275784314464708 -42.88632235178279 0
    endloop
  endfacet
  facet normal -0.6845471059286893 0.7289686274214109 0
    outer loop
      vertex 7.275784314464708 -42.88632235178279 0
      vertex 7.275784314464708 -42.88632235178279 60
      vertex 9.56440025628276 -40.737168930605264 0
    endloop
  endfacet
  facet normal -0.5877852522924721 0.8090169943749481 0
    outer loop
      vertex 9.56440025628276 -40.737168930605264 0
      vertex 9.56440025628276 -40.737168930605264 60
      vertex 12.104330125525083 -38.891801862449626 0
    endloop
  endfacet
  facet normal 0 0 -1
    outer loop
      vertex 12.104330125525083 -38.891801862449626 0
      vertex 14.515550702930568 -42.6912775272087 0
      vertex 12.432808210151862 -44.20447852309632 0
    endloop
  endfacet
  facet normal 0 0 -1
    outer loop
      vertex 12.104330125525083 -38.891801862449626 0
      vertex 14.855517710873182 -37.379323688349515 0
      vertex 14.515550702930568 -42.6912775272087 0
    endloop
  endfacet
  facet normal 0 0 -1
    outer loop
      vertex 14.855517710873182 -37.379323688349515 0
      vertex 16.77152452291601 -41.451045424446605 0
      vertex 14.515550702930568 -42.6912775272087 0
    endloop
  endfacet
  facet normal 0 0 -1
    outer loop
      vertex 14.855517710873182 -37.379323688349515 0
      vertex 17.774575140626315 -36.22358709262116 0
      vertex 16.77152452291601 -41.451045424446605 0
    endloop
  endfacet
  facet normal 0 0 -1
    outer loop
      vertex 17.774575140626315 -36.22358709262116 0
      vertex 19.16515161531358 -40.50334141594935 0
      vertex 16.77152452291601 -41.451045424446605 0
    endloop
  endfacet
  facet normal 0 0 -1
    outer loop
      vertex 20.815467135356887 -35.44281873178278 0
      vertex 21.658683050992646 -39.86311136006188 0
      vertex 19.16515161531358 -40.50334141594935 0
    endloop
  endfacet
  facet normal 0 0 -1
    outer loop
      vertex 17.774575140626315 -36.22358709262116 0
      vertex 20.815467135356887 -35.44281873178278 0
      vertex 19.16515161531358 -40.50334141594935 0
    endloop
  endfacet
  facet normal 0 0 -1
    outer loop
      vertex 20.815467135356887 -35.44281873178278 0
      vertex 23.93023701176717 -35.04933178929321 0
      vertex 21.658683050992646 -39.86311136006188 0
    endloop
  endfacet
  facet normal 0 0 -1
    outer loop
      vertex 23.93023701176717 -35.04933178929321 0
      vertex 24.212794349649077 -39.54045206722043 0
      vertex 21.658683050992646 -39.86311136006188 0
    endloop
  endfacet
  facet normal 0 0 -1
    outer loop
      vertex 23.93023701176717 -35.04933178929321 0
      vertex 26.78720565035092 -39.54045206722043 0
      vertex 24.212794349649077 -39.54045206722043 0
    endloop
  endfacet
  facet normal -0.4817536741017151 0.8763066800438637 0
    outer loop
      vertex 12.104330125525083 -38.891801862449626 0
      vertex 12.104330125525083 -38.891801862449626 60
      vertex 14.855517710873182 -37.379323688349515 0
    endloop
  endfacet
  facet normal -0.36812455268467914 0.9297764858882509 0
    outer loop
      vertex 14.855517710873182 -37.379323688349515 0
      vertex 14.855517710873182 -37.379323688349515 60
      vertex 17.774575140626315 -36.22358709262116 0
    endloop
  endfacet
  facet normal -0.24868988716485527 0.9685831611286311 0
    outer loop
      vertex 17.774575140626315 -36.22358709262116 0
      vertex 17.774575140626315 -36.22358709262116 60
      vertex 20.815467135356887 -35.44281873178278 0
    endloop
  endfacet
  facet normal -0.1253332335643025 0.992114701314478 0
    outer loop
      vertex 20.815467135356887 -35.44281873178278 0
      vertex 20.815467135356887 -35.44281873178278 60
      vertex 23.93023701176717 -35.04933178929321 0
    endloop
  endfacet
  facet normal 0 1 0
    outer loop
      vertex 23.93023701176717 -35.04933178929321 0
      vertex 23.93023701176717 -35.04933178929321 60
      vertex 27.06976298823283 -35.04933178929321 0
    endloop
  endfacet
  facet normal -0.9980267284282714 0.06279051952931351 0
    outer loop
      vertex 0.5 -60 0
      vertex 0.5 -60 60
      vertex 0.6971324671380543 -56.8666691608924 60
    endloop
  endfacet
  facet normal -0.9822872507286888 0.18738131458572446 0
    outer loop
      vertex 0.6971324671380543 -56.8666691608924 0
      vertex 0.6971324671380543 -56.8666691608924 60
      vertex 1.285420971784223 -53.78275282087863 60
    endloop
  endfacet
  facet normal -0.9510565162951535 0.3090169943749474 0
    outer loop
      vertex 1.285420971784223 -53.78275282087863 0
      vertex 1.285420971784223 -53.78275282087863 60
      vertex 2.255587852793713 -50.79688618288306 60
    endloop
  endfacet
  facet normal -0.9048270524660195 0.42577929156507277 0
    outer loop
      vertex 2.255587852793713 -50.79688618288306 0
      vertex 2.255587852793713 -50.79688618288306 60
      vertex 3.5923329989034123 -47.95615814745712 60
    endloop
  endfacet
  facet normal 0 0 1
    outer loop
      vertex 0.6971324671380543 -63.1333308391076 60
      vertex 0.6971324671380543 -56.8666691608924 60
      vertex 0.5 -60 60
    endloop
  endfacet
  facet normal 0 0 1
    outer loop
      vertex 1.285420971784223 -66.21724717912137 60
      vertex 1.285420971784223 -53.78275282087863 60
      vertex 0.6971324671380543 -56.8666691608924 60
    endloop
  endfacet
  facet normal 0 0 1
    outer loop
      vertex 2.255587852793713 -69.20311381711694 60
      vertex 2.255587852793713 -50.79688618288306 60
      vertex 1.285420971784223 -53.78275282087863 60
    endloop
  endfacet
  facet normal 0 0 1
    outer loop
      vertex 3.5923329989034123 -72.04384185254288 60
      vertex 3.5923329989034123 -47.95615814745712 60
      vertex 2.255587852793713 -50.79688618288306 60
    endloop
  endfacet
  facet normal 0 0 1
    outer loop
      vertex 5.274575140626315 -74.69463130731182 60
      vertex 5.274575140626315 -45.30536869268817 60
      vertex 3.5923329989034123 -47.95615814745712 60
    endloop
  endfacet
  facet normal 0 0 1
    outer loop
      vertex 7.275784314464708 -77.11367764821722 60
      vertex 7.275784314464708 -42.88632235178279 60
      vertex 5.274575140626315 -45.30536869268817 60
    endloop
  endfacet
  facet normal 0 0 1
    outer loop
      vertex 7.275784314464708 -77.11367764821722 60
      vertex 7.5 -60 60
      vertex 7.275784314464708 -42.88632235178279 60
    endloop
  endfacet
  facet normal 0 0 1
    outer loop
      vertex 7.275784314464708 -42.88632235178279 60
      vertex 7.5 -60 60
      vertex 7.641935376339397 -57.74400179584253 60
    endloop
  endfacet
  facet normal 0 0 1
    outer loop
      vertex 7.275784314464708 -42.88632235178279 60
      vertex 7.641935376339397 -57.74400179584253 60
      vertex 8.06550309968464 -55.52358203103261 60
    endloop
  endfacet
  facet normal 0 0 1
    outer loop
      vertex 7.275784314464708 -42.88632235178279 60
      vertex 8.06550309968464 -55.52358203103261 60
      vertex 8.764023254011473 -53.3737580516758 60
    endloop
  endfacet
  facet normal 0 0 1
    outer loop
      vertex 7.275784314464708 -42.88632235178279 60
      vertex 8.764023254011473 -53.3737580516758 60
      vertex 9.726479759210457 -51.32843386616912 60
    endloop
  endfacet
  facet normal -0.8443279255020155 0.5358267949789961 0
    outer loop
      vertex 3.5923329989034123 -47.95615814745712 0
      vertex 3.5923329989034123 -47.95615814745712 60
      vertex 5.274575140626315 -45.30536869268817 60
    endloop
  endfacet
  facet normal -0.770513242775789 0.6374239897486901 0
    outer loop
      vertex 5.274575140626315 -45.30536869268817 0
      vertex 5.274575140626315 -45.30536869268817 60
      vertex 7.275784314464708 -42.88632235178279 60
    endloop
  endfacet
  facet normal -0.6845471059286893 0.7289686274214109 0
    outer loop
      vertex 9.56440025628276 -40.737168930605264 0
      vertex 7.275784314464708 -42.88632235178279 60
      vertex 9.56440025628276 -40.737168930605264 60
    endloop
  endfacet
  facet normal -0.5877852522924721 0.8090169943749481 0
    outer loop
      vertex 12.104330125525083 -38.891801862449626 0
      vertex 9.56440025628276 -40.737168930605264 60
      vertex 12.104330125525083 -38.891801862449626 60
    endloop
  endfacet
  facet normal 0 0 1
    outer loop
      vertex 7.275784314464708 -42.88632235178279 60
      vertex 9.726479759210457 -51.32843386616912 60
      vertex 9.56440025628276 -40.737168930605264 60
    endloop
  endfacet
  facet normal 0 0 1
    outer loop
      vertex 9.56440025628276 -40.737168930605264 60
      vertex 9.726479759210457 -51.32843386616912 60
      vertex 10.937694101250946 -49.41986545873549 60
    endloop
  endfacet
  facet normal 0 0 1
    outer loop
      vertex 9.56440025628276 -40.737168930605264 60
      vertex 10.937694101250946 -49.41986545873549 60
      vertex 12.37856470641459 -47.67815209328361 60
    endloop
  endfacet
  facet normal 0 0 1
    outer loop
      vertex 9.56440025628276 -40.737168930605264 60
      vertex 12.37856470641459 -47.67815209328361 60
      vertex 12.104330125525083 -38.891801862449626 60
    endloop
  endfacet
  facet normal 0 0 1
    outer loop
      vertex 12.104330125525083 -38.891801862449626 60
      vertex 12.37856470641459 -47.67815209328361 60
      vertex 14.026368184523587 -46.13076163003579 60
    endloop
  endfacet
  facet normal -0.4817536741017151 0.8763066800438637 0
    outer loop
      vertex 14.855517710873182 -37.379323688349515 0
      vertex 12.104330125525083 -38.891801862449626 60
      vertex 14.855517710873182 -37.379323688349515 60
    endloop
  endfacet
  facet normal -0.36812455268467914 0.9297764858882509 0
    outer loop
      vertex 17.774575140626315 -36.22358709262116 0
      vertex 14.855517710873182 -37.379323688349515 60
      vertex 17.774575140626315 -36.22358709262116 60
    endloop
  endfacet
  facet normal -0.24868988716485527 0.9685831611286311 0
    outer loop
      vertex 20.815467135356887 -35.44281873178278 0
      vertex 17.774575140626315 -36.22358709262116 60
      vertex 20.815467135356887 -35.44281873178278 60
    endloop
  endfacet
  facet normal -0.1253332335643025 0.992114701314478 0
    outer loop
      vertex 23.93023701176717 -35.04933178929321 0
      vertex 20.815467135356887 -35.44281873178278 60
      vertex 23.93023701176717 -35.04933178929321 60
    endloop
  endfacet
  facet normal 0 0 1
    outer loop
      vertex 12.104330125525083 -38.891801862449626 60
      vertex 14.026368184523587 -46.13076163003579 60
      vertex 15.85511769037806 -44.802097340963726 60
    endloop
  endfacet
  facet normal 0 0 1
    outer loop
      vertex 14.855517710873182 -37.379323688349515 60
      vertex 15.85511769037806 -44.802097340963726 60
      vertex 17.83597275182869 -43.71311305561165 60
    endloop
  endfacet
  facet normal 0 0 1
    outer loop
      vertex 12.104330125525083 -38.891801862449626 60
      vertex 15.85511769037806 -44.802097340963726 60
      vertex 14.855517710873182 -37.379323688349515 60
    endloop
  endfacet
  facet normal 0 0 1
    outer loop
      vertex 14.855517710873182 -37.379323688349515 60
      vertex 17.83597275182869 -43.71311305561165 60
      vertex 17.774575140626315 -36.22358709262116 60
    endloop
  endfacet
  facet normal 0 0 1
    outer loop
      vertex 17.774575140626315 -36.22358709262116 60
      vertex 17.83597275182869 -43.71311305561165 60
      vertex 19.937694101250948 -42.880982706687234 60
    endloop
  endfacet
  facet normal 0 0 1
    outer loop
      vertex 17.774575140626315 -36.22358709262116 60
      vertex 19.937694101250948 -42.880982706687234 60
      vertex 22.127136337456957 -42.3188294868836 60
    endloop
  endfacet
  facet normal 0 0 1
    outer loop
      vertex 17.774575140626315 -36.22358709262116 60
      vertex 22.127136337456957 -42.3188294868836 60
      vertex 20.815467135356887 -35.44281873178278 60
    endloop
  endfacet
  facet normal 0 0 1
    outer loop
      vertex 20.815467135356887 -35.44281873178278 60
      vertex 22.127136337456957 -42.3188294868836 60
      vertex 24.369770648472365 -42.03551888829111 60
    endloop
  endfacet
  facet normal 0 0 1
    outer loop
      vertex 23.93023701176717 -35.04933178929321 60
      vertex 24.369770648472365 -42.03551888829111 60
      vertex 26.63022935152764 -42.03551888829111 60
    endloop
  endfacet
  facet normal 0 0 1
    outer loop
      vertex 20.815467135356887 -35.44281873178278 60
      vertex 24.369770648472365 -42.03551888829111 60
      vertex 23.93023701176717 -35.04933178929321 60
    endloop
  endfacet
  facet normal 0 0 -1
    outer loop
      vertex 23.930237011767154 -84.9506682107068 0
      vertex 26.78720565035093 -80.45954793277957 0
      vertex 27.069762988232846 -84.9506682107068 0
    endloop
  endfacet
  facet normal 0 0 -1
    outer loop
      vertex 27.069762988232846 -84.9506682107068 0
      vertex 26.78720565035093 -80.45954793277957 0
      vertex 29.341316949007357 -80.13688863993812 0
    endloop
  endfacet
  facet normal 0 0 -1
    outer loop
      vertex 27.069762988232846 -84.9506682107068 0
      vertex 29.341316949007357 -80.13688863993812 0
      vertex 30.18453286464312 -84.55718126821722 0
    endloop
  endfacet
  facet normal 0 0 -1
    outer loop
      vertex 30.18453286464312 -84.55718126821722 0
      vertex 31.83484838468642 -79.49665858405065 0
      vertex 33.22542485937368 -83.77641290737884 0
    endloop
  endfacet
  facet normal 0 0 -1
    outer loop
      vertex 30.18453286464312 -84.55718126821722 0
      vertex 29.341316949007357 -80.13688863993812 0
      vertex 31.83484838468642 -79.49665858405065 0
    endloop
  endfacet
  facet normal 0 0 -1
    outer loop
      vertex 33.22542485937368 -83.77641290737884 0
      vertex 31.83484838468642 -79.49665858405065 0
      vertex 34.22847547708398 -78.54895457555341 0
    endloop
  endfacet
  facet normal 0 0 -1
    outer loop
      vertex 33.22542485937368 -83.77641290737884 0
      vertex 34.22847547708398 -78.54895457555341 0
      vertex 36.14448228912681 -82.62067631165048 0
    endloop
  endfacet
  facet normal 0 0 -1
    outer loop
      vertex 36.14448228912681 -82.62067631165048 0
      vertex 34.22847547708398 -78.54895457555341 0
      vertex 36.484449297069425 -77.30872247279132 0
    endloop
  endfacet
  facet normal 0 0 -1
    outer loop
      vertex 36.14448228912681 -82.62067631165048 0
      vertex 36.484449297069425 -77.30872247279132 0
      vertex 38.895669874474905 -81.10819813755037 0
    endloop
  endfacet
  facet normal 0 0 -1
    outer loop
      vertex 38.895669874474905 -81.10819813755037 0
      vertex 36.484449297069425 -77.30872247279132 0
      vertex 38.567191789848145 -75.79552147690367 0
    endloop
  endfacet
  facet normal 0 -1 0
    outer loop
      vertex 23.930237011767154 -84.9506682107068 0
      vertex 27.069762988232846 -84.9506682107068 0
      vertex 27.069762988232846 -84.9506682107068 60
    endloop
  endfacet
  facet normal 0.12533323356430506 -0.9921147013144779 -4.18408329675429e-19
    outer loop
      vertex 27.069762988232846 -84.9506682107068 0
      vertex 30.18453286464312 -84.55718126821722 0
      vertex 30.18453286464312 -84.55718126821722 60
    endloop
  endfacet
  facet normal 0.24868988716485604 -0.9685831611286309 1.9141179934174515e-19
    outer loop
      vertex 30.18453286464312 -84.55718126821722 0
      vertex 33.22542485937368 -83.77641290737884 0
      vertex 33.22542485937368 -83.77641290737884 60
    endloop
  endfacet
  facet normal 0.36812455268467936 -0.9297764858882509 1.4624482757586994e-19
    outer loop
      vertex 33.22542485937368 -83.77641290737884 0
      vertex 36.14448228912681 -82.62067631165048 0
      vertex 36.14448228912681 -82.62067631165048 60
    endloop
  endfacet
  facet normal 0.48175367410171605 -0.8763066800438633 1.530917664046123e-18
    outer loop
      vertex 36.14448228912681 -82.62067631165048 0
      vertex 38.895669874474905 -81.10819813755037 0
      vertex 38.895669874474905 -81.10819813755037 60
    endloop
  endfacet
  facet normal 0 0 -1
    outer loop
      vertex 38.895669874474905 -81.10819813755037 0
      vertex 38.567191789848145 -75.79552147690367 0
      vertex 40.44385686213894 -74.03321567153812 0
    endloop
  endfacet
  facet normal 0 0 -1
    outer loop
      vertex 38.895669874474905 -81.10819813755037 0
      vertex 40.44385686213894 -74.03321567153812 0
      vertex 41.43559974371725 -79.26283106939472 0
    endloop
  endfacet
  facet normal 0 0 -1
    outer loop
      vertex 41.43559974371725 -79.26283106939472 0
      vertex 42.084848384686424 -72.0495976719957 0
      vertex 43.72421568553529 -77.11367764821722 0
    endloop
  endfacet
  facet normal 0 0 -1
    outer loop
      vertex 41.43559974371725 -79.26283106939472 0
      vertex 40.44385686213894 -74.03321567153812 0
      vertex 42.084848384686424 -72.0495976719957 0
    endloop
  endfacet
  facet normal 0 0 -1
    outer loop
      vertex 43.72421568553529 -77.11367764821722 0
      vertex 42.084848384686424 -72.0495976719957 0
      vertex 43.4642869408992 -69.87595031908516 0
    endloop
  endfacet
  facet normal 0 0 -1
    outer loop
      vertex 43.72421568553529 -77.11367764821722 0
      vertex 44.560417960709145 -67.5465533300359 0
      vertex 45.72542485937369 -74.69463130731182 0
    endloop
  endfacet
  facet normal 0.5877852522924722 -0.8090169943749481 2.285012926615451e-18
    outer loop
      vertex 38.895669874474905 -81.10819813755037 0
      vertex 41.43559974371725 -79.26283106939472 0
      vertex 41.43559974371725 -79.26283106939472 60
    endloop
  endfacet
  facet normal 0.6845471059286868 -0.7289686274214132 -3.472724118003717e-19
    outer loop
      vertex 41.43559974371725 -79.26283106939472 0
      vertex 43.72421568553529 -77.11367764821722 0
      vertex 43.72421568553529 -77.11367764821722 60
    endloop
  endfacet
  facet normal 0.7705132427757903 -0.6374239897486885 0
    outer loop
      vertex 43.72421568553529 -77.11367764821722 0
      vertex 45.72542485937369 -74.69463130731182 0
      vertex 43.72421568553529 -77.11367764821722 60
    endloop
  endfacet
  facet normal 0.8443279255020157 -0.5358267949789954 0
    outer loop
      vertex 45.72542485937369 -74.69463130731182 0
      vertex 47.407667001096584 -72.04384185254288 0
      vertex 45.72542485937369 -74.69463130731182 60
    endloop
  endfacet
  facet normal 0 0 -1
    outer loop
      vertex 43.72421568553529 -77.11367764821722 0
      vertex 43.4642869408992 -69.87595031908516 0
      vertex 44.560417960709145 -67.5465533300359 0
    endloop
  endfacet
  facet normal 0 0 -1
    outer loop
      vertex 45.72542485937369 -74.69463130731182 0
      vertex 44.560417960709145 -67.5465533300359 0
      vertex 45.35595480313694 -65.09814268687951 0
    endloop
  endfacet
  facet normal 0 0 -1
    outer loop
      vertex 45.72542485937369 -74.69463130731182 0
      vertex 45.35595480313694 -65.09814268687951 0
      vertex 45.8383513769468 -62.569331288068234 0
    endloop
  endfacet
  facet normal 0 0 -1
    outer loop
      vertex 45.72542485937369 -74.69463130731182 0
      vertex 45.8383513769468 -62.569331288068234 0
      vertex 46 -60 0
    endloop
  endfacet
  facet normal 0 0 -1
    outer loop
      vertex 45.72542485937369 -74.69463130731182 0
      vertex 47.40766700109659 -47.95615814745712 0
      vertex 47.407667001096584 -72.04384185254288 0
    endloop
  endfacet
  facet normal 0 0 -1
    outer loop
      vertex 45.72542485937369 -74.69463130731182 0
      vertex 46 -60 0
      vertex 47.40766700109659 -47.95615814745712 0
    endloop
  endfacet
  facet normal 0 0 -1
    outer loop
      vertex 47.407667001096584 -72.04384185254288 0
      vertex 48.74441214720628 -50.79688618288305 0
      vertex 48.744412147206276 -69.20311381711696 0
    endloop
  endfacet
  facet normal 0 0 -1
    outer loop
      vertex 48.744412147206276 -69.20311381711696 0
      vertex 49.71457902821578 -53.78275282087863 0
      vertex 49.71457902821578 -66.21724717912136 0
    endloop
  endfacet
  facet normal 0 0 -1
    outer loop
      vertex 49.71457902821578 -66.21724717912136 0
      vertex 50.302867532861946 -56.86666916089239 0
      vertex 50.302867532861946 -63.1333308391076 0
    endloop
  endfacet
  facet normal 0.9048270524660195 -0.4257792915650726 0
    outer loop
      vertex 47.407667001096584 -72.04384185254288 0
      vertex 48.744412147206276 -69.20311381711696 0
      vertex 47.407667001096584 -72.04384185254288 60
    endloop
  endfacet
  facet normal 0.9510565162951531 -0.30901699437494884 0
    outer loop
      vertex 48.744412147206276 -69.20311381711696 0
      vertex 49.71457902821578 -66.21724717912136 0
      vertex 48.744412147206276 -69.20311381711696 60
    endloop
  endfacet
  facet normal 0.9822872507286887 -0.18738131458572416 0
    outer loop
      vertex 49.71457902821578 -66.21724717912136 0
      vertex 50.302867532861946 -63.1333308391076 0
      vertex 49.71457902821578 -66.21724717912136 60
    endloop
  endfacet
  facet normal 0.9980267284282714 -0.06279051952931351 0
    outer loop
      vertex 50.302867532861946 -63.1333308391076 0
      vertex 50.5 -60 0
      vertex 50.302867532861946 -63.1333308391076 60
    endloop
  endfacet
  facet normal 0.12533323356430506 -0.9921147013144779 0
    outer loop
      vertex 27.069762988232846 -84.9506682107068 0
      vertex 30.18453286464312 -84.55718126821722 60
      vertex 27.069762988232846 -84.9506682107068 60
    endloop
  endfacet
  facet normal 0.24868988716485604 -0.9685831611286309 0
    outer loop
      vertex 30.18453286464312 -84.55718126821722 0
      vertex 33.22542485937368 -83.77641290737884 60
      vertex 30.18453286464312 -84.55718126821722 60
    endloop
  endfacet
  facet normal 0.36812455268467936 -0.9297764858882509 0
    outer loop
      vertex 33.22542485937368 -83.77641290737884 0
      vertex 36.14448228912681 -82.62067631165048 60
      vertex 33.22542485937368 -83.77641290737884 60
    endloop
  endfacet
  facet normal 0.48175367410171605 -0.8763066800438633 0
    outer loop
      vertex 36.14448228912681 -82.62067631165048 0
      vertex 38.895669874474905 -81.10819813755037 60
      vertex 36.14448228912681 -82.62067631165048 60
    endloop
  endfacet
  facet normal 0 0 1
    outer loop
      vertex 27.069762988232846 -84.9506682107068 60
      vertex 30.18453286464312 -84.55718126821722 60
      vertex 26.630229351527646 -77.96448111170889 60
    endloop
  endfacet
  facet normal 0 0 1
    outer loop
      vertex 27.069762988232846 -84.9506682107068 60
      vertex 26.630229351527646 -77.96448111170889 60
      vertex 24.369770648472354 -77.96448111170889 60
    endloop
  endfacet
  facet normal 0 0 1
    outer loop
      vertex 30.18453286464312 -84.55718126821722 60
      vertex 28.872863662543047 -77.6811705131164 60
      vertex 26.630229351527646 -77.96448111170889 60
    endloop
  endfacet
  facet normal 0 0 1
    outer loop
      vertex 30.18453286464312 -84.55718126821722 60
      vertex 33.22542485937368 -83.77641290737884 60
      vertex 28.872863662543047 -77.6811705131164 60
    endloop
  endfacet
  facet normal 0 0 1
    outer loop
      vertex 33.22542485937368 -83.77641290737884 60
      vertex 31.062305898749052 -77.11901729331277 60
      vertex 28.872863662543047 -77.6811705131164 60
    endloop
  endfacet
  facet normal 0 0 1
    outer loop
      vertex 33.22542485937368 -83.77641290737884 60
      vertex 33.1640272481713 -76.28688694438836 60
      vertex 31.062305898749052 -77.11901729331277 60
    endloop
  endfacet
  facet normal 0 0 1
    outer loop
      vertex 33.22542485937368 -83.77641290737884 60
      vertex 36.14448228912681 -82.62067631165048 60
      vertex 33.1640272481713 -76.28688694438836 60
    endloop
  endfacet
  facet normal 0 0 1
    outer loop
      vertex 36.14448228912681 -82.62067631165048 60
      vertex 38.895669874474905 -81.10819813755037 60
      vertex 35.144882309621934 -75.19790265903627 60
    endloop
  endfacet
  facet normal 0 0 1
    outer loop
      vertex 36.14448228912681 -82.62067631165048 60
      vertex 35.144882309621934 -75.19790265903627 60
      vertex 33.1640272481713 -76.28688694438836 60
    endloop
  endfacet
  facet normal 0 0 1
    outer loop
      vertex 38.895669874474905 -81.10819813755037 60
      vertex 36.97363181547642 -73.86923836996421 60
      vertex 35.144882309621934 -75.19790265903627 60
    endloop
  endfacet
  facet normal 0.5877852522924722 -0.8090169943749481 0
    outer loop
      vertex 38.895669874474905 -81.10819813755037 0
      vertex 41.43559974371725 -79.26283106939472 60
      vertex 38.895669874474905 -81.10819813755037 60
    endloop
  endfacet
  facet normal 0.6845471059286868 -0.7289686274214132 0
    outer loop
      vertex 41.43559974371725 -79.26283106939472 0
      vertex 43.72421568553529 -77.11367764821722 60
      vertex 41.43559974371725 -79.26283106939472 60
    endloop
  endfacet
  facet normal 0.7705132427757903 -0.6374239897486885 0
    outer loop
      vertex 45.72542485937369 -74.69463130731182 0
      vertex 45.72542485937369 -74.69463130731182 60
      vertex 43.72421568553529 -77.11367764821722 60
    endloop
  endfacet
  facet normal 0.8443279255020157 -0.5358267949789954 0
    outer loop
      vertex 47.407667001096584 -72.04384185254288 0
      vertex 47.407667001096584 -72.04384185254288 60
      vertex 45.72542485937369 -74.69463130731182 60
    endloop
  endfacet
  facet normal 0 0 1
    outer loop
      vertex 38.895669874474905 -81.10819813755037 60
      vertex 38.62143529358541 -72.32184790671639 60
      vertex 36.97363181547642 -73.86923836996421 60
    endloop
  endfacet
  facet normal 0 0 1
    outer loop
      vertex 38.895669874474905 -81.10819813755037 60
      vertex 41.43559974371725 -79.26283106939472 60
      vertex 38.62143529358541 -72.32184790671639 60
    endloop
  endfacet
  facet normal 0 0 1
    outer loop
      vertex 41.43559974371725 -79.26283106939472 60
      vertex 40.06230589874905 -70.58013454126451 60
      vertex 38.62143529358541 -72.32184790671639 60
    endloop
  endfacet
  facet normal 0 0 1
    outer loop
      vertex 41.43559974371725 -79.26283106939472 60
      vertex 41.273520240789544 -68.67156613383088 60
      vertex 40.06230589874905 -70.58013454126451 60
    endloop
  endfacet
  facet normal 0 0 1
    outer loop
      vertex 41.43559974371725 -79.26283106939472 60
      vertex 43.72421568553529 -77.11367764821722 60
      vertex 41.273520240789544 -68.67156613383088 60
    endloop
  endfacet
  facet normal 0.9048270524660195 -0.4257792915650726 0
    outer loop
      vertex 48.744412147206276 -69.20311381711696 0
      vertex 48.744412147206276 -69.20311381711696 60
      vertex 47.407667001096584 -72.04384185254288 60
    endloop
  endfacet
  facet normal 0.9510565162951531 -0.30901699437494884 0
    outer loop
      vertex 49.71457902821578 -66.21724717912136 0
      vertex 49.71457902821578 -66.21724717912136 60
      vertex 48.744412147206276 -69.20311381711696 60
    endloop
  endfacet
  facet normal 0.9822872507286887 -0.18738131458572416 0
    outer loop
      vertex 50.302867532861946 -63.1333308391076 0
      vertex 50.302867532861946 -63.1333308391076 60
      vertex 49.71457902821578 -66.21724717912136 60
    endloop
  endfacet
  facet normal 0.9980267284282714 -0.06279051952931351 1.6725639539843237e-19
    outer loop
      vertex 50.302867532861946 -63.1333308391076 60
      vertex 50.5 -60 0
      vertex 50.5 -60 60
    endloop
  endfacet
  facet normal 0 0 1
    outer loop
      vertex 43.72421568553529 -77.11367764821722 60
      vertex 42.23597674598852 -66.6262419483242 60
      vertex 41.273520240789544 -68.67156613383088 60
    endloop
  endfacet
  facet normal 0 0 1
    outer loop
      vertex 43.72421568553529 -77.11367764821722 60
      vertex 42.93449690031537 -64.47641796896738 60
      vertex 42.23597674598852 -66.6262419483242 60
    endloop
  endfacet
  facet normal 0 0 1
    outer loop
      vertex 43.72421568553529 -77.11367764821722 60
      vertex 43.3580646236606 -62.25599820415747 60
      vertex 42.93449690031537 -64.47641796896738 60
    endloop
  endfacet
  facet normal 0 0 1
    outer loop
      vertex 43.72421568553529 -77.11367764821722 60
      vertex 43.5 -60 60
      vertex 43.3580646236606 -62.25599820415747 60
    endloop
  endfacet
  facet normal 0 0 1
    outer loop
      vertex 43.72421568553529 -77.11367764821722 60
      vertex 45.72542485937369 -74.69463130731182 60
      vertex 43.724215685535285 -42.88632235178278 60
    endloop
  endfacet
  facet normal 0 0 1
    outer loop
      vertex 45.72542485937369 -74.69463130731182 60
      vertex 47.407667001096584 -72.04384185254288 60
      vertex 45.72542485937369 -45.30536869268817 60
    endloop
  endfacet
  facet normal 0 0 1
    outer loop
      vertex 47.407667001096584 -72.04384185254288 60
      vertex 48.744412147206276 -69.20311381711696 60
      vertex 47.40766700109659 -47.95615814745712 60
    endloop
  endfacet
  facet normal 0 0 1
    outer loop
      vertex 48.744412147206276 -69.20311381711696 60
      vertex 49.71457902821578 -66.21724717912136 60
      vertex 48.74441214720628 -50.79688618288305 60
    endloop
  endfacet
  facet normal 0 0 1
    outer loop
      vertex 49.71457902821578 -66.21724717912136 60
      vertex 50.302867532861946 -63.1333308391076 60
      vertex 49.71457902821578 -53.78275282087863 60
    endloop
  endfacet
  facet normal 0 0 -1
    outer loop
      vertex 23.93023701176717 -35.04933178929321 0
      vertex 27.06976298823283 -35.04933178929321 0
      vertex 26.78720565035092 -39.54045206722043 0
    endloop
  endfacet
  facet normal 0 0 -1
    outer loop
      vertex 27.06976298823283 -35.04933178929321 0
      vertex 30.184532864643113 -35.44281873178278 0
      vertex 26.78720565035092 -39.54045206722043 0
    endloop
  endfacet
  facet normal 0 0 -1
    outer loop
      vertex 30.184532864643113 -35.44281873178278 0
      vertex 29.341316949007354 -39.86311136006188 0
      vertex 26.78720565035092 -39.54045206722043 0
    endloop
  endfacet
  facet normal 0 0 -1
    outer loop
      vertex 33.22542485937368 -36.22358709262116 0
      vertex 31.83484838468642 -40.50334141594935 0
      vertex 29.341316949007354 -39.86311136006188 0
    endloop
  endfacet
  facet normal 0 0 -1
    outer loop
      vertex 30.184532864643113 -35.44281873178278 0
      vertex 33.22542485937368 -36.22358709262116 0
      vertex 29.341316949007354 -39.86311136006188 0
    endloop
  endfacet
  facet normal 0 0 -1
    outer loop
      vertex 38.89566987447492 -38.891801862449626 0
      vertex 38.56719178984814 -44.20447852309632 0
      vertex 36.48444929706943 -42.69127752720869 0
    endloop
  endfacet
  facet normal 0 0 -1
    outer loop
      vertex 36.14448228912682 -37.379323688349515 0
      vertex 34.22847547708399 -41.451045424446605 0
      vertex 31.83484838468642 -40.50334141594935 0
    endloop
  endfacet
  facet normal 0 0 -1
    outer loop
      vertex 33.22542485937368 -36.22358709262116 0
      vertex 36.14448228912682 -37.379323688349515 0
      vertex 31.83484838468642 -40.50334141594935 0
    endloop
  endfacet
  facet normal 0 0 -1
    outer loop
      vertex 36.14448228912682 -37.379323688349515 0
      vertex 38.89566987447492 -38.891801862449626 0
      vertex 34.22847547708399 -41.451045424446605 0
    endloop
  endfacet
  facet normal 0 0 -1
    outer loop
      vertex 38.89566987447492 -38.891801862449626 0
      vertex 36.48444929706943 -42.69127752720869 0
      vertex 34.22847547708399 -41.451045424446605 0
    endloop
  endfacet
  facet normal 0.1253332335643025 0.992114701314478 0
    outer loop
      vertex 27.06976298823283 -35.04933178929321 0
      vertex 27.06976298823283 -35.04933178929321 60
      vertex 30.184532864643113 -35.44281873178278 0
    endloop
  endfacet
  facet normal 0.24868988716485552 0.968583161128631 0
    outer loop
      vertex 30.184532864643113 -35.44281873178278 0
      vertex 30.184532864643113 -35.44281873178278 60
      vertex 33.22542485937368 -36.22358709262116 0
    endloop
  endfacet
  facet normal 0.3681245526846786 0.9297764858882511 0
    outer loop
      vertex 33.22542485937368 -36.22358709262116 0
      vertex 33.22542485937368 -36.22358709262116 60
      vertex 36.14448228912682 -37.379323688349515 0
    endloop
  endfacet
  facet normal 0.4817536741017151 0.8763066800438637 0
    outer loop
      vertex 36.14448228912682 -37.379323688349515 0
      vertex 36.14448228912682 -37.379323688349515 60
      vertex 38.89566987447492 -38.891801862449626 0
    endloop
  endfacet
  facet normal 0 0 -1
    outer loop
      vertex 47.40766700109659 -47.95615814745712 0
      vertex 46 -60 0
      vertex 45.8383513769468 -57.430668711931766 0
    endloop
  endfacet
  facet normal 0 0 -1
    outer loop
      vertex 47.407667001096584 -72.04384185254288 0
      vertex 47.40766700109659 -47.95615814745712 0
      vertex 48.74441214720628 -50.79688618288305 0
    endloop
  endfacet
  facet normal 0 0 -1
    outer loop
      vertex 50.302867532861946 -63.1333308391076 0
      vertex 50.302867532861946 -56.86666916089239 0
      vertex 50.5 -60 0
    endloop
  endfacet
  facet normal 0 0 -1
    outer loop
      vertex 49.71457902821578 -66.21724717912136 0
      vertex 49.71457902821578 -53.78275282087863 0
      vertex 50.302867532861946 -56.86666916089239 0
    endloop
  endfacet
  facet normal 0 0 -1
    outer loop
      vertex 48.744412147206276 -69.20311381711696 0
      vertex 48.74441214720628 -50.79688618288305 0
      vertex 49.71457902821578 -53.78275282087863 0
    endloop
  endfacet
  facet normal 0 0 -1
    outer loop
      vertex 45.72542485937369 -45.30536869268817 0
      vertex 45.35595480313694 -54.90185731312047 0
      vertex 44.56041796070915 -52.4534466699641 0
    endloop
  endfacet
  facet normal 0 0 -1
    outer loop
      vertex 47.40766700109659 -47.95615814745712 0
      vertex 45.8383513769468 -57.430668711931766 0
      vertex 45.35595480313694 -54.90185731312047 0
    endloop
  endfacet
  facet normal 0 0 -1
    outer loop
      vertex 45.72542485937369 -45.30536869268817 0
      vertex 44.56041796070915 -52.4534466699641 0
      vertex 43.4642869408992 -50.12404968091484 0
    endloop
  endfacet
  facet normal 0 0 -1
    outer loop
      vertex 47.40766700109659 -47.95615814745712 0
      vertex 45.35595480313694 -54.90185731312047 0
      vertex 45.72542485937369 -45.30536869268817 0
    endloop
  endfacet
  facet normal 0.9980267284282716 0.06279051952931339 0
    outer loop
      vertex 50.5 -60 0
      vertex 50.302867532861946 -56.86666916089239 0
      vertex 50.5 -60 60
    endloop
  endfacet
  facet normal 0.9822872507286889 0.18738131458572377 0
    outer loop
      vertex 50.302867532861946 -56.86666916089239 0
      vertex 49.71457902821578 -53.78275282087863 0
      vertex 50.302867532861946 -56.86666916089239 60
    endloop
  endfacet
  facet normal 0.9510565162951532 0.30901699437494884 0
    outer loop
      vertex 49.71457902821578 -53.78275282087863 0
      vertex 48.74441214720628 -50.79688618288305 0
      vertex 49.71457902821578 -53.78275282087863 60
    endloop
  endfacet
  facet normal 0.9048270524660199 0.42577929156507177 0
    outer loop
      vertex 48.74441214720628 -50.79688618288305 0
      vertex 47.40766700109659 -47.95615814745712 0
      vertex 48.74441214720628 -50.79688618288305 60
    endloop
  endfacet
  facet normal 0 0 -1
    outer loop
      vertex 41.43559974371725 -40.73716893060527 0
      vertex 40.44385686213894 -45.966784328461884 0
      vertex 38.56719178984814 -44.20447852309632 0
    endloop
  endfacet
  facet normal 0 0 -1
    outer loop
      vertex 43.724215685535285 -42.88632235178278 0
      vertex 42.084848384686424 -47.9504023280043 0
      vertex 40.44385686213894 -45.966784328461884 0
    endloop
  endfacet
  facet normal 0 0 -1
    outer loop
      vertex 43.724215685535285 -42.88632235178278 0
      vertex 43.4642869408992 -50.12404968091484 0
      vertex 42.084848384686424 -47.9504023280043 0
    endloop
  endfacet
  facet normal 0 0 -1
    outer loop
      vertex 43.724215685535285 -42.88632235178278 0
      vertex 40.44385686213894 -45.966784328461884 0
      vertex 41.43559974371725 -40.73716893060527 0
    endloop
  endfacet
  facet normal 0 0 -1
    outer loop
      vertex 38.89566987447492 -38.891801862449626 0
      vertex 41.43559974371725 -40.73716893060527 0
      vertex 38.56719178984814 -44.20447852309632 0
    endloop
  endfacet
  facet normal 0 0 -1
    outer loop
      vertex 43.724215685535285 -42.88632235178278 0
      vertex 45.72542485937369 -45.30536869268817 0
      vertex 43.4642869408992 -50.12404968091484 0
    endloop
  endfacet
  facet normal 0.6845471059286892 0.7289686274214111 -1.982578720144941e-19
    outer loop
      vertex 43.724215685535285 -42.88632235178278 0
      vertex 41.43559974371725 -40.73716893060527 0
      vertex 41.43559974371725 -40.73716893060527 60
    endloop
  endfacet
  facet normal 0.5877852522924728 0.8090169943749476 0
    outer loop
      vertex 38.89566987447492 -38.891801862449626 0
      vertex 38.89566987447492 -38.891801862449626 60
      vertex 41.43559974371725 -40.73716893060527 0
    endloop
  endfacet
  facet normal 0.7705132427757883 0.637423989748691 -1.1020764606157018e-19
    outer loop
      vertex 43.724215685535285 -42.88632235178278 0
      vertex 45.72542485937369 -45.30536869268817 60
      vertex 45.72542485937369 -45.30536869268817 0
    endloop
  endfacet
  facet normal 0.8443279255020155 0.5358267949789961 0
    outer loop
      vertex 47.40766700109659 -47.95615814745712 0
      vertex 45.72542485937369 -45.30536869268817 0
      vertex 47.40766700109659 -47.95615814745712 60
    endloop
  endfacet
  facet normal 0 1 0
    outer loop
      vertex 23.93023701176717 -35.04933178929321 60
      vertex 27.06976298823283 -35.04933178929321 60
      vertex 27.06976298823283 -35.04933178929321 0
    endloop
  endfacet
  facet normal 0.1253332335643025 0.992114701314478 0
    outer loop
      vertex 30.184532864643113 -35.44281873178278 0
      vertex 27.06976298823283 -35.04933178929321 60
      vertex 30.184532864643113 -35.44281873178278 60
    endloop
  endfacet
  facet normal 0.24868988716485552 0.968583161128631 0
    outer loop
      vertex 33.22542485937368 -36.22358709262116 0
      vertex 30.184532864643113 -35.44281873178278 60
      vertex 33.22542485937368 -36.22358709262116 60
    endloop
  endfacet
  facet normal 0.4817536741017151 0.8763066800438637 0
    outer loop
      vertex 38.89566987447492 -38.891801862449626 0
      vertex 36.14448228912682 -37.379323688349515 60
      vertex 38.89566987447492 -38.891801862449626 60
    endloop
  endfacet
  facet normal 0.3681245526846786 0.9297764858882511 0
    outer loop
      vertex 36.14448228912682 -37.379323688349515 0
      vertex 33.22542485937368 -36.22358709262116 60
      vertex 36.14448228912682 -37.379323688349515 60
    endloop
  endfacet
  facet normal 0 0 1
    outer loop
      vertex 27.06976298823283 -35.04933178929321 60
      vertex 26.63022935152764 -42.03551888829111 60
      vertex 28.872863662543043 -42.3188294868836 60
    endloop
  endfacet
  facet normal 0 0 1
    outer loop
      vertex 23.93023701176717 -35.04933178929321 60
      vertex 26.63022935152764 -42.03551888829111 60
      vertex 27.06976298823283 -35.04933178929321 60
    endloop
  endfacet
  facet normal 0 0 1
    outer loop
      vertex 30.184532864643113 -35.44281873178278 60
      vertex 28.872863662543043 -42.3188294868836 60
      vertex 31.062305898749052 -42.880982706687234 60
    endloop
  endfacet
  facet normal 0 0 1
    outer loop
      vertex 30.184532864643113 -35.44281873178278 60
      vertex 31.062305898749052 -42.880982706687234 60
      vertex 33.22542485937368 -36.22358709262116 60
    endloop
  endfacet
  facet normal 0 0 1
    outer loop
      vertex 27.06976298823283 -35.04933178929321 60
      vertex 28.872863662543043 -42.3188294868836 60
      vertex 30.184532864643113 -35.44281873178278 60
    endloop
  endfacet
  facet normal 0 0 1
    outer loop
      vertex 33.22542485937368 -36.22358709262116 60
      vertex 33.16402724817131 -43.71311305561165 60
      vertex 35.14488230962194 -44.802097340963726 60
    endloop
  endfacet
  facet normal 0 0 1
    outer loop
      vertex 36.14448228912682 -37.379323688349515 60
      vertex 35.14488230962194 -44.802097340963726 60
      vertex 36.973631815476416 -46.13076163003579 60
    endloop
  endfacet
  facet normal 0 0 1
    outer loop
      vertex 33.22542485937368 -36.22358709262116 60
      vertex 31.062305898749052 -42.880982706687234 60
      vertex 33.16402724817131 -43.71311305561165 60
    endloop
  endfacet
  facet normal 0 0 1
    outer loop
      vertex 33.22542485937368 -36.22358709262116 60
      vertex 35.14488230962194 -44.802097340963726 60
      vertex 36.14448228912682 -37.379323688349515 60
    endloop
  endfacet
  facet normal 0 0 1
    outer loop
      vertex 36.14448228912682 -37.379323688349515 60
      vertex 36.973631815476416 -46.13076163003579 60
      vertex 38.89566987447492 -38.891801862449626 60
    endloop
  endfacet
  facet normal 0.9980267284282716 0.06279051952931339 0
    outer loop
      vertex 50.302867532861946 -56.86666916089239 0
      vertex 50.302867532861946 -56.86666916089239 60
      vertex 50.5 -60 60
    endloop
  endfacet
  facet normal 0.9822872507286889 0.18738131458572377 0
    outer loop
      vertex 49.71457902821578 -53.78275282087863 0
      vertex 49.71457902821578 -53.78275282087863 60
      vertex 50.302867532861946 -56.86666916089239 60
    endloop
  endfacet
  facet normal 0.9510565162951532 0.30901699437494884 0
    outer loop
      vertex 48.74441214720628 -50.79688618288305 0
      vertex 48.74441214720628 -50.79688618288305 60
      vertex 49.71457902821578 -53.78275282087863 60
    endloop
  endfacet
  facet normal 0.9048270524660199 0.42577929156507177 0
    outer loop
      vertex 47.40766700109659 -47.95615814745712 0
      vertex 47.40766700109659 -47.95615814745712 60
      vertex 48.74441214720628 -50.79688618288305 60
    endloop
  endfacet
  facet normal 0 0 1
    outer loop
      vertex 43.72421568553529 -77.11367764821722 60
      vertex 43.724215685535285 -42.88632235178278 60
      vertex 43.5 -60 60
    endloop
  endfacet
  facet normal 0 0 1
    outer loop
      vertex 43.724215685535285 -42.88632235178278 60
      vertex 43.3580646236606 -57.74400179584252 60
      vertex 43.5 -60 60
    endloop
  endfacet
  facet normal 0 0 1
    outer loop
      vertex 43.724215685535285 -42.88632235178278 60
      vertex 42.93449690031536 -55.52358203103262 60
      vertex 43.3580646236606 -57.74400179584252 60
    endloop
  endfacet
  facet normal 0 0 1
    outer loop
      vertex 41.43559974371725 -40.73716893060527 60
      vertex 41.273520240789544 -51.32843386616912 60
      vertex 42.23597674598852 -53.37375805167579 60
    endloop
  endfacet
  facet normal 0 0 1
    outer loop
      vertex 43.724215685535285 -42.88632235178278 60
      vertex 42.23597674598852 -53.37375805167579 60
      vertex 42.93449690031536 -55.52358203103262 60
    endloop
  endfacet
  facet normal 0 0 1
    outer loop
      vertex 45.72542485937369 -74.69463130731182 60
      vertex 45.72542485937369 -45.30536869268817 60
      vertex 43.724215685535285 -42.88632235178278 60
    endloop
  endfacet
  facet normal 0 0 1
    outer loop
      vertex 47.407667001096584 -72.04384185254288 60
      vertex 47.40766700109659 -47.95615814745712 60
      vertex 45.72542485937369 -45.30536869268817 60
    endloop
  endfacet
  facet normal 0 0 1
    outer loop
      vertex 50.302867532861946 -63.1333308391076 60
      vertex 50.5 -60 60
      vertex 50.302867532861946 -56.86666916089239 60
    endloop
  endfacet
  facet normal 0 0 1
    outer loop
      vertex 49.71457902821578 -66.21724717912136 60
      vertex 49.71457902821578 -53.78275282087863 60
      vertex 48.74441214720628 -50.79688618288305 60
    endloop
  endfacet
  facet normal 0 0 1
    outer loop
      vertex 50.302867532861946 -63.1333308391076 60
      vertex 50.302867532861946 -56.86666916089239 60
      vertex 49.71457902821578 -53.78275282087863 60
    endloop
  endfacet
  facet normal 0 0 1
    outer loop
      vertex 48.744412147206276 -69.20311381711696 60
      vertex 48.74441214720628 -50.79688618288305 60
      vertex 47.40766700109659 -47.95615814745712 60
    endloop
  endfacet
  facet normal 0.6845471059286892 0.7289686274214111 0
    outer loop
      vertex 43.724215685535285 -42.88632235178278 0
      vertex 41.43559974371725 -40.73716893060527 60
      vertex 43.724215685535285 -42.88632235178278 60
    endloop
  endfacet
  facet normal 0.5877852522924728 0.8090169943749476 0
    outer loop
      vertex 41.43559974371725 -40.73716893060527 0
      vertex 38.89566987447492 -38.891801862449626 60
      vertex 41.43559974371725 -40.73716893060527 60
    endloop
  endfacet
  facet normal 0.8443279255020155 0.5358267949789961 0
    outer loop
      vertex 45.72542485937369 -45.30536869268817 0
      vertex 45.72542485937369 -45.30536869268817 60
      vertex 47.40766700109659 -47.95615814745712 60
    endloop
  endfacet
  facet normal 0.7705132427757883 0.637423989748691 0
    outer loop
      vertex 43.724215685535285 -42.88632235178278 0
      vertex 43.724215685535285 -42.88632235178278 60
      vertex 45.72542485937369 -45.30536869268817 60
    endloop
  endfacet
  facet normal 0 0 1
    outer loop
      vertex 38.89566987447492 -38.891801862449626 60
      vertex 38.62143529358541 -47.6781520932836 60
      vertex 40.06230589874905 -49.41986545873549 60
    endloop
  endfacet
  facet normal 0 0 1
    outer loop
      vertex 41.43559974371725 -40.73716893060527 60
      vertex 40.06230589874905 -49.41986545873549 60
      vertex 41.273520240789544 -51.32843386616912 60
    endloop
  endfacet
  facet normal 0 0 1
    outer loop
      vertex 38.89566987447492 -38.891801862449626 60
      vertex 36.973631815476416 -46.13076163003579 60
      vertex 38.62143529358541 -47.6781520932836 60
    endloop
  endfacet
  facet normal 0 0 1
    outer loop
      vertex 38.89566987447492 -38.891801862449626 60
      vertex 40.06230589874905 -49.41986545873549 60
      vertex 41.43559974371725 -40.73716893060527 60
    endloop
  endfacet
  facet normal 0 0 1
    outer loop
      vertex 43.724215685535285 -42.88632235178278 60
      vertex 41.43559974371725 -40.73716893060527 60
      vertex 42.23597674598852 -53.37375805167579 60
    endloop
  endfacet
  facet normal 0.770513242775789 0.63742398974869 0
    outer loop
      vertex 8.915151615313576 -72.0495976719957 13
      vertex 10.556143137861062 -74.03321567153812 0
      vertex 8.915151615313576 -72.0495976719957 0
    endloop
  endfacet
  facet normal 0.6845471059286902 0.7289686274214102 0
    outer loop
      vertex 12.432808210151862 -75.79552147690369 13
      vertex 12.432808210151862 -75.79552147690369 0
      vertex 10.556143137861062 -74.03321567153812 0
    endloop
  endfacet
  facet normal 0.6845471059286902 0.7289686274214102 -3.773442320545681e-18
    outer loop
      vertex 12.432808210151862 -75.79552147690369 13
      vertex 10.556143137861062 -74.03321567153812 0
      vertex 10.556143137861062 -74.03321567153812 13
    endloop
  endfacet
  facet normal 0.770513242775789 0.63742398974869 3.722663938617157e-18
    outer loop
      vertex 8.915151615313576 -72.0495976719957 13
      vertex 10.556143137861062 -74.03321567153812 13
      vertex 10.556143137861062 -74.03321567153812 0
    endloop
  endfacet
  facet normal 0.9510565162951533 0.3090169943749482 0
    outer loop
      vertex 6.439582039290844 -67.54655333003589 13
      vertex 6.439582039290844 -67.54655333003589 0
      vertex 5.644045196863061 -65.09814268687953 13
    endloop
  endfacet
  facet normal 0.9510565162951533 0.3090169943749482 0
    outer loop
      vertex 5.644045196863061 -65.09814268687953 13
      vertex 6.439582039290844 -67.54655333003589 0
      vertex 5.644045196863061 -65.09814268687953 0
    endloop
  endfacet
  facet normal 0.9822872507286888 0.1873813145857243 0
    outer loop
      vertex 5.161648623053203 -62.569331288068234 13
      vertex 5.644045196863061 -65.09814268687953 0
      vertex 5.161648623053203 -62.569331288068234 0
    endloop
  endfacet
  facet normal 0.9980267284282717 0.06279051952931299 0
    outer loop
      vertex 5 -60 13
      vertex 5.161648623053203 -62.569331288068234 0
      vertex 5 -60 0
    endloop
  endfacet
  facet normal 0.9822872507286888 0.1873813145857243 0
    outer loop
      vertex 5.644045196863061 -65.09814268687953 13
      vertex 5.644045196863061 -65.09814268687953 0
      vertex 5.161648623053203 -62.569331288068234 13
    endloop
  endfacet
  facet normal 0.9980267284282717 0.06279051952931299 0
    outer loop
      vertex 5.161648623053203 -62.569331288068234 13
      vertex 5.161648623053203 -62.569331288068234 0
      vertex 5 -60 13
    endloop
  endfacet
  facet normal 0 0 -1
    outer loop
      vertex 6.439582039290844 -67.54655333003589 13
      vertex 5.644045196863061 -65.09814268687953 13
      vertex 5.644045196863061 -54.90185731312047 13
    endloop
  endfacet
  facet normal 0 0 -1
    outer loop
      vertex 5.644045196863061 -65.09814268687953 13
      vertex 5.161648623053203 -62.569331288068234 13
      vertex 5.161648623053203 -57.430668711931766 13
    endloop
  endfacet
  facet normal 0.844327925502016 0.5358267949789952 0
    outer loop
      vertex 7.5357130591008 -69.87595031908516 13
      vertex 8.915151615313576 -72.0495976719957 0
      vertex 7.5357130591008 -69.87595031908516 0
    endloop
  endfacet
  facet normal 0.9048270524660192 0.42577929156507355 0
    outer loop
      vertex 6.439582039290844 -67.54655333003589 13
      vertex 7.5357130591008 -69.87595031908516 0
      vertex 6.439582039290844 -67.54655333003589 0
    endloop
  endfacet
  facet normal 0.844327925502016 0.5358267949789952 0
    outer loop
      vertex 8.915151615313576 -72.0495976719957 13
      vertex 8.915151615313576 -72.0495976719957 0
      vertex 7.5357130591008 -69.87595031908516 13
    endloop
  endfacet
  facet normal 0.9048270524660192 0.42577929156507355 0
    outer loop
      vertex 7.5357130591008 -69.87595031908516 13
      vertex 7.5357130591008 -69.87595031908516 0
      vertex 6.439582039290844 -67.54655333003589 13
    endloop
  endfacet
  facet normal 0 0 -1
    outer loop
      vertex 7.5357130591008 -69.87595031908516 13
      vertex 6.439582039290844 -67.54655333003589 13
      vertex 6.439582039290844 -52.4534466699641 13
    endloop
  endfacet
  facet normal 0 0 -1
    outer loop
      vertex 8.915151615313576 -72.0495976719957 13
      vertex 7.5357130591008 -69.87595031908516 13
      vertex 7.5357130591008 -50.12404968091484 13
    endloop
  endfacet
  facet normal 0 0 -1
    outer loop
      vertex 8.915151615313576 -72.0495976719957 13
      vertex 8.915151615313576 -47.9504023280043 13
      vertex 10.556143137861062 -74.03321567153812 13
    endloop
  endfacet
  facet normal 0 0 -1
    outer loop
      vertex 12.432808210151862 -75.79552147690369 13
      vertex 10.556143137861062 -74.03321567153812 13
      vertex 10.556143137861062 -45.966784328461884 13
    endloop
  endfacet
  facet normal 0.368124552684676 0.9297764858882521 0
    outer loop
      vertex 19.16515161531358 -79.49665858405065 13
      vertex 19.16515161531358 -79.49665858405065 0
      vertex 16.771524522916017 -78.54895457555341 0
    endloop
  endfacet
  facet normal 0.368124552684676 0.9297764858882521 0
    outer loop
      vertex 16.771524522916017 -78.54895457555341 13
      vertex 19.16515161531358 -79.49665858405065 13
      vertex 16.771524522916017 -78.54895457555341 0
    endloop
  endfacet
  facet normal 0.5877852522924698 0.8090169943749499 0
    outer loop
      vertex 14.515550702930568 -77.3087224727913 13
      vertex 14.515550702930568 -77.3087224727913 0
      vertex 12.432808210151862 -75.79552147690369 0
    endloop
  endfacet
  facet normal 0.4817536741017187 0.8763066800438618 0
    outer loop
      vertex 16.771524522916017 -78.54895457555341 13
      vertex 16.771524522916017 -78.54895457555341 0
      vertex 14.515550702930568 -77.3087224727913 0
    endloop
  endfacet
  facet normal 0.5877852522924698 0.8090169943749499 0
    outer loop
      vertex 12.432808210151862 -75.79552147690369 13
      vertex 14.515550702930568 -77.3087224727913 13
      vertex 12.432808210151862 -75.79552147690369 0
    endloop
  endfacet
  facet normal 0.4817536741017187 0.8763066800438618 0
    outer loop
      vertex 14.515550702930568 -77.3087224727913 13
      vertex 16.771524522916017 -78.54895457555341 13
      vertex 14.515550702930568 -77.3087224727913 0
    endloop
  endfacet
  facet normal 0 0 -1
    outer loop
      vertex 16.771524522916017 -78.54895457555341 13
      vertex 18.218847050625474 -65.29006727063226 13
      vertex 19.16515161531358 -79.49665858405065 13
    endloop
  endfacet
  facet normal 0.2486898871648558 0.9685831611286309 0
    outer loop
      vertex 21.658683050992643 -80.13688863993812 13
      vertex 21.658683050992643 -80.13688863993812 0
      vertex 19.16515161531358 -79.49665858405065 0
    endloop
  endfacet
  facet normal 0.12533323356430498 0.9921147013144777 0
    outer loop
      vertex 24.21279434964907 -80.45954793277957 13
      vertex 24.21279434964907 -80.45954793277957 0
      vertex 21.658683050992643 -80.13688863993812 0
    endloop
  endfacet
  facet normal 0.2486898871648558 0.9685831611286309 0
    outer loop
      vertex 19.16515161531358 -79.49665858405065 13
      vertex 21.658683050992643 -80.13688863993812 13
      vertex 19.16515161531358 -79.49665858405065 0
    endloop
  endfacet
  facet normal 0.12533323356430498 0.9921147013144777 0
    outer loop
      vertex 21.658683050992643 -80.13688863993812 13
      vertex 24.21279434964907 -80.45954793277957 13
      vertex 21.658683050992643 -80.13688863993812 0
    endloop
  endfacet
  facet normal 0 1 0
    outer loop
      vertex 24.21279434964907 -80.45954793277957 13
      vertex 26.78720565035093 -80.45954793277957 13
      vertex 24.21279434964907 -80.45954793277957 0
    endloop
  endfacet
  facet normal 0 0 -1
    outer loop
      vertex 19.16515161531358 -79.49665858405065 13
      vertex 20.67755884518903 -67.59895132951813 13
      vertex 21.658683050992643 -80.13688863993812 13
    endloop
  endfacet
  facet normal 0 0 -1
    outer loop
      vertex 21.658683050992643 -80.13688863993812 13
      vertex 22.718847050625474 -68.55950864665638 13
      vertex 24.21279434964907 -80.45954793277957 13
    endloop
  endfacet
  facet normal 0 0 -1
    outer loop
      vertex 24.21279434964907 -80.45954793277957 13
      vertex 22.718847050625474 -68.55950864665638 13
      vertex 23.813568168728477 -68.8405852565582 13
    endloop
  endfacet
  facet normal 0 0 -1
    outer loop
      vertex 24.21279434964907 -80.45954793277957 13
      vertex 23.813568168728477 -68.8405852565582 13
      vertex 24.934885324236177 -68.98224055585445 13
    endloop
  endfacet
  facet normal 0 0 -1
    outer loop
      vertex 24.21279434964907 -80.45954793277957 13
      vertex 24.934885324236177 -68.98224055585445 13
      vertex 26.065114675763823 -68.98224055585445 13
    endloop
  endfacet
  facet normal 0 0 -1
    outer loop
      vertex 16.771524522916017 -78.54895457555341 13
      vertex 17.613239879605228 -64.33578306691544 13
      vertex 18.218847050625474 -65.29006727063226 13
    endloop
  endfacet
  facet normal 0 0 -1
    outer loop
      vertex 19.16515161531358 -79.49665858405065 13
      vertex 18.218847050625474 -65.29006727063226 13
      vertex 18.939282353207297 -66.16092395335819 13
    endloop
  endfacet
  facet normal 0 0 -1
    outer loop
      vertex 16.771524522916017 -78.54895457555341 13
      vertex 16.78275154984232 -62.23820898448369 13
      vertex 17.13201162700574 -63.3131209741621 13
    endloop
  endfacet
  facet normal 0 0 -1
    outer loop
      vertex 16.771524522916017 -78.54895457555341 13
      vertex 17.13201162700574 -63.3131209741621 13
      vertex 17.613239879605228 -64.33578306691544 13
    endloop
  endfacet
  facet normal 0 0 -1
    outer loop
      vertex 16.771524522916017 -78.54895457555341 13
      vertex 16.5709676881697 -61.12799910207874 13
      vertex 16.78275154984232 -62.23820898448369 13
    endloop
  endfacet
  facet normal 0 0 -1
    outer loop
      vertex 16.771524522916017 -78.54895457555341 13
      vertex 16.5 -60 13
      vertex 16.5709676881697 -61.12799910207874 13
    endloop
  endfacet
  facet normal 0 0 -1
    outer loop
      vertex 12.432808210151862 -75.79552147690369 13
      vertex 12.432808210151862 -44.20447852309632 13
      vertex 14.515550702930568 -77.3087224727913 13
    endloop
  endfacet
  facet normal 0 0 -1
    outer loop
      vertex 14.515550702930568 -77.3087224727913 13
      vertex 14.515550702930568 -42.6912775272087 13
      vertex 16.771524522916017 -78.54895457555341 13
    endloop
  endfacet
  facet normal 0 0 -1
    outer loop
      vertex 16.771524522916017 -78.54895457555341 13
      vertex 14.515550702930568 -42.6912775272087 13
      vertex 16.5 -60 13
    endloop
  endfacet
  facet normal 0 0 -1
    outer loop
      vertex 19.16515161531358 -79.49665858405065 13
      vertex 19.763184092261795 -66.9346191849821 13
      vertex 20.67755884518903 -67.59895132951813 13
    endloop
  endfacet
  facet normal 0 0 -1
    outer loop
      vertex 19.16515161531358 -79.49665858405065 13
      vertex 18.939282353207297 -66.16092395335819 13
      vertex 19.763184092261795 -66.9346191849821 13
    endloop
  endfacet
  facet normal 0 0 -1
    outer loop
      vertex 21.658683050992643 -80.13688863993812 13
      vertex 20.67755884518903 -67.59895132951813 13
      vertex 21.66798637591435 -68.14344347219418 13
    endloop
  endfacet
  facet normal 0 0 -1
    outer loop
      vertex 21.658683050992643 -80.13688863993812 13
      vertex 21.66798637591435 -68.14344347219418 13
      vertex 22.718847050625474 -68.55950864665638 13
    endloop
  endfacet
  facet normal 0.9980267284282717 -0.06279051952931299 0
    outer loop
      vertex 5.161648623053203 -57.430668711931766 13
      vertex 5 -60 0
      vertex 5.161648623053203 -57.430668711931766 0
    endloop
  endfacet
  facet normal 0.9822872507286888 -0.1873813145857243 0
    outer loop
      vertex 5.644045196863061 -54.90185731312047 13
      vertex 5.161648623053203 -57.430668711931766 0
      vertex 5.644045196863061 -54.90185731312047 0
    endloop
  endfacet
  facet normal 0.9980267284282717 -0.06279051952931299 0
    outer loop
      vertex 5 -60 13
      vertex 5 -60 0
      vertex 5.161648623053203 -57.430668711931766 13
    endloop
  endfacet
  facet normal 0 0 -1
    outer loop
      vertex 5.161648623053203 -62.569331288068234 13
      vertex 5 -60 13
      vertex 5.161648623053203 -57.430668711931766 13
    endloop
  endfacet
  facet normal 0 0 -1
    outer loop
      vertex 5.644045196863061 -65.09814268687953 13
      vertex 5.161648623053203 -57.430668711931766 13
      vertex 5.644045196863061 -54.90185731312047 13
    endloop
  endfacet
  facet normal 0 0 -1
    outer loop
      vertex 6.439582039290844 -67.54655333003589 13
      vertex 5.644045196863061 -54.90185731312047 13
      vertex 6.439582039290844 -52.4534466699641 13
    endloop
  endfacet
  facet normal 0.9822872507286888 -0.1873813145857243 0
    outer loop
      vertex 5.161648623053203 -57.430668711931766 13
      vertex 5.161648623053203 -57.430668711931766 0
      vertex 5.644045196863061 -54.90185731312047 13
    endloop
  endfacet
  facet normal 0.9510565162951536 -0.30901699437494734 0
    outer loop
      vertex 5.644045196863061 -54.90185731312047 13
      vertex 5.644045196863061 -54.90185731312047 0
      vertex 6.439582039290844 -52.4534466699641 13
    endloop
  endfacet
  facet normal 0.9510565162951536 -0.30901699437494734 0
    outer loop
      vertex 6.439582039290844 -52.4534466699641 13
      vertex 5.644045196863061 -54.90185731312047 0
      vertex 6.439582039290844 -52.4534466699641 0
    endloop
  endfacet
  facet normal 0 0 -1
    outer loop
      vertex 7.5357130591008 -69.87595031908516 13
      vertex 6.439582039290844 -52.4534466699641 13
      vertex 7.5357130591008 -50.12404968091484 13
    endloop
  endfacet
  facet normal 0 0 -1
    outer loop
      vertex 8.915151615313576 -72.0495976719957 13
      vertex 7.5357130591008 -50.12404968091484 13
      vertex 8.915151615313576 -47.9504023280043 13
    endloop
  endfacet
  facet normal 0 0 -1
    outer loop
      vertex 10.556143137861062 -74.03321567153812 13
      vertex 8.915151615313576 -47.9504023280043 13
      vertex 10.556143137861062 -45.966784328461884 13
    endloop
  endfacet
  facet normal 0 0 -1
    outer loop
      vertex 12.432808210151862 -75.79552147690369 13
      vertex 10.556143137861062 -45.966784328461884 13
      vertex 12.432808210151862 -44.20447852309632 13
    endloop
  endfacet
  facet normal 0.9048270524660186 -0.42577929156507455 0
    outer loop
      vertex 7.5357130591008 -50.12404968091484 13
      vertex 6.439582039290844 -52.4534466699641 0
      vertex 7.5357130591008 -50.12404968091484 0
    endloop
  endfacet
  facet normal 0.844327925502016 -0.5358267949789952 0
    outer loop
      vertex 8.915151615313576 -47.9504023280043 13
      vertex 7.5357130591008 -50.12404968091484 0
      vertex 8.915151615313576 -47.9504023280043 0
    endloop
  endfacet
  facet normal 0.9048270524660186 -0.42577929156507455 0
    outer loop
      vertex 6.439582039290844 -52.4534466699641 13
      vertex 6.439582039290844 -52.4534466699641 0
      vertex 7.5357130591008 -50.12404968091484 13
    endloop
  endfacet
  facet normal 0.844327925502016 -0.5358267949789952 0
    outer loop
      vertex 7.5357130591008 -50.12404968091484 13
      vertex 7.5357130591008 -50.12404968091484 0
      vertex 8.915151615313576 -47.9504023280043 13
    endloop
  endfacet
  facet normal 0.770513242775789 -0.63742398974869 0
    outer loop
      vertex 10.556143137861062 -45.966784328461884 13
      vertex 8.915151615313576 -47.9504023280043 0
      vertex 10.556143137861062 -45.966784328461884 0
    endloop
  endfacet
  facet normal 0.6845471059286886 -0.7289686274214114 0
    outer loop
      vertex 10.556143137861062 -45.966784328461884 13
      vertex 10.556143137861062 -45.966784328461884 0
      vertex 12.432808210151862 -44.20447852309632 0
    endloop
  endfacet
  facet normal 0.770513242775789 -0.63742398974869 0
    outer loop
      vertex 8.915151615313576 -47.9504023280043 13
      vertex 8.915151615313576 -47.9504023280043 0
      vertex 10.556143137861062 -45.966784328461884 13
    endloop
  endfacet
  facet normal 0.6845471059286886 -0.7289686274214114 3.4199320695072785e-18
    outer loop
      vertex 10.556143137861062 -45.966784328461884 13
      vertex 12.432808210151862 -44.20447852309632 0
      vertex 12.432808210151862 -44.20447852309632 13
    endloop
  endfacet
  facet normal 0 0 -1
    outer loop
      vertex 14.515550702930568 -77.3087224727913 13
      vertex 12.432808210151862 -44.20447852309632 13
      vertex 14.515550702930568 -42.6912775272087 13
    endloop
  endfacet
  facet normal 0 0 -1
    outer loop
      vertex 14.515550702930568 -42.6912775272087 13
      vertex 16.5709676881697 -58.87200089792126 13
      vertex 16.5 -60 13
    endloop
  endfacet
  facet normal 0 0 -1
    outer loop
      vertex 14.515550702930568 -42.6912775272087 13
      vertex 16.78275154984232 -57.76179101551631 13
      vertex 16.5709676881697 -58.87200089792126 13
    endloop
  endfacet
  facet normal 0 0 -1
    outer loop
      vertex 16.78275154984232 -57.76179101551631 13
      vertex 16.77152452291601 -41.451045424446605 13
      vertex 17.13201162700574 -56.6868790258379 13
    endloop
  endfacet
  facet normal 0 0 -1
    outer loop
      vertex 17.13201162700574 -56.6868790258379 13
      vertex 16.77152452291601 -41.451045424446605 13
      vertex 17.613239879605228 -55.66421693308456 13
    endloop
  endfacet
  facet normal 0 0 -1
    outer loop
      vertex 17.613239879605228 -55.66421693308456 13
      vertex 16.77152452291601 -41.451045424446605 13
      vertex 18.218847050625474 -54.70993272936774 13
    endloop
  endfacet
  facet normal 0 0 -1
    outer loop
      vertex 18.218847050625474 -54.70993272936774 13
      vertex 16.77152452291601 -41.451045424446605 13
      vertex 18.939282353207297 -53.83907604664181 13
    endloop
  endfacet
  facet normal 0 0 -1
    outer loop
      vertex 18.939282353207297 -53.83907604664181 13
      vertex 16.77152452291601 -41.451045424446605 13
      vertex 19.763184092261795 -53.065380815017896 13
    endloop
  endfacet
  facet normal 0 0 -1
    outer loop
      vertex 19.763184092261795 -53.065380815017896 13
      vertex 19.16515161531358 -40.50334141594935 13
      vertex 20.67755884518903 -52.40104867048186 13
    endloop
  endfacet
  facet normal 0 0 -1
    outer loop
      vertex 20.67755884518903 -52.40104867048186 13
      vertex 19.16515161531358 -40.50334141594935 13
      vertex 21.667986375914346 -51.85655652780582 13
    endloop
  endfacet
  facet normal 0 0 -1
    outer loop
      vertex 21.667986375914346 -51.85655652780582 13
      vertex 21.658683050992646 -39.86311136006188 13
      vertex 22.718847050625474 -51.44049135334362 13
    endloop
  endfacet
  facet normal 0.5877852522924716 -0.8090169943749485 0
    outer loop
      vertex 12.432808210151862 -44.20447852309632 13
      vertex 12.432808210151862 -44.20447852309632 0
      vertex 14.515550702930568 -42.6912775272087 0
    endloop
  endfacet
  facet normal 0.48175367410171555 -0.8763066800438633 0
    outer loop
      vertex 14.515550702930568 -42.6912775272087 13
      vertex 14.515550702930568 -42.6912775272087 0
      vertex 16.77152452291601 -41.451045424446605 0
    endloop
  endfacet
  facet normal 0 0 -1
    outer loop
      vertex 14.515550702930568 -42.6912775272087 13
      vertex 16.77152452291601 -41.451045424446605 13
      vertex 16.78275154984232 -57.76179101551631 13
    endloop
  endfacet
  facet normal 0.5877852522924716 -0.8090169943749485 5.7808161400890195e-18
    outer loop
      vertex 12.432808210151862 -44.20447852309632 13
      vertex 14.515550702930568 -42.6912775272087 0
      vertex 14.515550702930568 -42.6912775272087 13
    endloop
  endfacet
  facet normal 0.48175367410171555 -0.8763066800438633 3.32746960149942e-18
    outer loop
      vertex 14.515550702930568 -42.6912775272087 13
      vertex 16.77152452291601 -41.451045424446605 0
      vertex 16.77152452291601 -41.451045424446605 13
    endloop
  endfacet
  facet normal 0 0 -1
    outer loop
      vertex 19.763184092261795 -53.065380815017896 13
      vertex 16.77152452291601 -41.451045424446605 13
      vertex 19.16515161531358 -40.50334141594935 13
    endloop
  endfacet
  facet normal 0.36812455268467986 -0.9297764858882507 0
    outer loop
      vertex 16.77152452291601 -41.451045424446605 13
      vertex 16.77152452291601 -41.451045424446605 0
      vertex 19.16515161531358 -40.50334141594935 0
    endloop
  endfacet
  facet normal 0.36812455268467986 -0.9297764858882507 -3.824041738603787e-18
    outer loop
      vertex 16.77152452291601 -41.451045424446605 13
      vertex 19.16515161531358 -40.50334141594935 0
      vertex 19.16515161531358 -40.50334141594935 13
    endloop
  endfacet
  facet normal 0 0 -1
    outer loop
      vertex 21.667986375914346 -51.85655652780582 13
      vertex 19.16515161531358 -40.50334141594935 13
      vertex 21.658683050992646 -39.86311136006188 13
    endloop
  endfacet
  facet normal 0 0 -1
    outer loop
      vertex 22.718847050625474 -51.44049135334362 13
      vertex 21.658683050992646 -39.86311136006188 13
      vertex 23.81356816872848 -51.1594147434418 13
    endloop
  endfacet
  facet normal 0 0 -1
    outer loop
      vertex 23.81356816872848 -51.1594147434418 13
      vertex 21.658683050992646 -39.86311136006188 13
      vertex 24.93488532423618 -51.017759444145554 13
    endloop
  endfacet
  facet normal 0 0 -1
    outer loop
      vertex 24.93488532423618 -51.017759444145554 13
      vertex 21.658683050992646 -39.86311136006188 13
      vertex 24.212794349649077 -39.54045206722043 13
    endloop
  endfacet
  facet normal 0 0 -1
    outer loop
      vertex 24.93488532423618 -51.017759444145554 13
      vertex 24.212794349649077 -39.54045206722043 13
      vertex 26.787205650350923 -39.54045206722043 13
    endloop
  endfacet
  facet normal 0.2486898871648554 -0.968583161128631 0
    outer loop
      vertex 19.16515161531358 -40.50334141594935 13
      vertex 19.16515161531358 -40.50334141594935 0
      vertex 21.658683050992646 -39.86311136006188 0
    endloop
  endfacet
  facet normal 0.1253332335643048 -0.9921147013144777 0
    outer loop
      vertex 21.658683050992646 -39.86311136006188 13
      vertex 21.658683050992646 -39.86311136006188 0
      vertex 24.212794349649077 -39.54045206722043 0
    endloop
  endfacet
  facet normal 0 -1 0
    outer loop
      vertex 24.212794349649077 -39.54045206722043 13
      vertex 24.212794349649077 -39.54045206722043 0
      vertex 26.78720565035092 -39.54045206722043 0
    endloop
  endfacet
  facet normal 0.2486898871648554 -0.968583161128631 2.3259861481936957e-18
    outer loop
      vertex 19.16515161531358 -40.50334141594935 13
      vertex 21.658683050992646 -39.86311136006188 0
      vertex 21.658683050992646 -39.86311136006188 13
    endloop
  endfacet
  facet normal 0.1253332335643048 -0.9921147013144777 -4.882861414674885e-20
    outer loop
      vertex 21.658683050992646 -39.86311136006188 13
      vertex 24.212794349649077 -39.54045206722043 0
      vertex 24.212794349649077 -39.54045206722043 13
    endloop
  endfacet
  facet normal 0 1 0
    outer loop
      vertex 26.78720565035093 -80.45954793277957 13
      vertex 26.78720565035093 -80.45954793277957 0
      vertex 24.21279434964907 -80.45954793277957 0
    endloop
  endfacet
  facet normal -0.12533323356430498 0.9921147013144777 0
    outer loop
      vertex 29.341316949007357 -80.13688863993812 13
      vertex 29.341316949007357 -80.13688863993812 0
      vertex 26.78720565035093 -80.45954793277957 0
    endloop
  endfacet
  facet normal -0.2486898871648558 0.9685831611286309 0
    outer loop
      vertex 31.83484838468642 -79.49665858405065 13
      vertex 31.83484838468642 -79.49665858405065 0
      vertex 29.341316949007357 -80.13688863993812 0
    endloop
  endfacet
  facet normal -0.12533323356430498 0.9921147013144777 0
    outer loop
      vertex 26.78720565035093 -80.45954793277957 13
      vertex 29.341316949007357 -80.13688863993812 13
      vertex 26.78720565035093 -80.45954793277957 0
    endloop
  endfacet
  facet normal -0.2486898871648558 0.9685831611286309 0
    outer loop
      vertex 29.341316949007357 -80.13688863993812 13
      vertex 31.83484838468642 -79.49665858405065 13
      vertex 29.341316949007357 -80.13688863993812 0
    endloop
  endfacet
  facet normal 0 0 -1
    outer loop
      vertex 24.21279434964907 -80.45954793277957 13
      vertex 26.065114675763823 -68.98224055585445 13
      vertex 26.78720565035093 -80.45954793277957 13
    endloop
  endfacet
  facet normal 0 0 -1
    outer loop
      vertex 26.78720565035093 -80.45954793277957 13
      vertex 26.065114675763823 -68.98224055585445 13
      vertex 29.341316949007357 -80.13688863993812 13
    endloop
  endfacet
  facet normal 0 0 -1
    outer loop
      vertex 29.341316949007357 -80.13688863993812 13
      vertex 26.065114675763823 -68.98224055585445 13
      vertex 27.186431831271523 -68.8405852565582 13
    endloop
  endfacet
  facet normal 0 0 -1
    outer loop
      vertex 29.341316949007357 -80.13688863993812 13
      vertex 27.186431831271523 -68.8405852565582 13
      vertex 28.281152949374526 -68.55950864665638 13
    endloop
  endfacet
  facet normal 0 0 -1
    outer loop
      vertex 29.341316949007357 -80.13688863993812 13
      vertex 29.33201362408565 -68.14344347219418 13
      vertex 31.83484838468642 -79.49665858405065 13
    endloop
  endfacet
  facet normal -0.368124552684676 0.9297764858882521 0
    outer loop
      vertex 34.22847547708398 -78.54895457555341 13
      vertex 34.22847547708398 -78.54895457555341 0
      vertex 31.83484838468642 -79.49665858405065 0
    endloop
  endfacet
  facet normal -0.368124552684676 0.9297764858882521 0
    outer loop
      vertex 31.83484838468642 -79.49665858405065 13
      vertex 34.22847547708398 -78.54895457555341 13
      vertex 31.83484838468642 -79.49665858405065 0
    endloop
  endfacet
  facet normal -0.48175367410171555 0.8763066800438633 0
    outer loop
      vertex 36.484449297069425 -77.30872247279132 13
      vertex 36.484449297069425 -77.30872247279132 0
      vertex 34.22847547708398 -78.54895457555341 0
    endloop
  endfacet
  facet normal -0.5877852522924744 0.8090169943749465 0
    outer loop
      vertex 38.567191789848145 -75.79552147690367 13
      vertex 38.567191789848145 -75.79552147690367 0
      vertex 36.484449297069425 -77.30872247279132 0
    endloop
  endfacet
  facet normal 0 0 -1
    outer loop
      vertex 31.83484838468642 -79.49665858405065 13
      vertex 31.23681590773821 -66.9346191849821 13
      vertex 34.22847547708398 -78.54895457555341 13
    endloop
  endfacet
  facet normal -0.48175367410171555 0.8763066800438633 0
    outer loop
      vertex 34.22847547708398 -78.54895457555341 13
      vertex 36.484449297069425 -77.30872247279132 13
      vertex 34.22847547708398 -78.54895457555341 0
    endloop
  endfacet
  facet normal -0.5877852522924744 0.8090169943749465 0
    outer loop
      vertex 36.484449297069425 -77.30872247279132 13
      vertex 38.567191789848145 -75.79552147690367 13
      vertex 36.484449297069425 -77.30872247279132 0
    endloop
  endfacet
  facet normal 0 0 -1
    outer loop
      vertex 34.22847547708398 -78.54895457555341 13
      vertex 34.21724845015768 -62.23820898448369 13
      vertex 36.484449297069425 -77.30872247279132 13
    endloop
  endfacet
  facet normal 0 0 -1
    outer loop
      vertex 29.341316949007357 -80.13688863993812 13
      vertex 28.281152949374526 -68.55950864665638 13
      vertex 29.33201362408565 -68.14344347219418 13
    endloop
  endfacet
  facet normal 0 0 -1
    outer loop
      vertex 31.83484838468642 -79.49665858405065 13
      vertex 29.33201362408565 -68.14344347219418 13
      vertex 30.322441154810967 -67.59895132951814 13
    endloop
  endfacet
  facet normal 0 0 -1
    outer loop
      vertex 31.83484838468642 -79.49665858405065 13
      vertex 30.322441154810967 -67.59895132951814 13
      vertex 31.23681590773821 -66.9346191849821 13
    endloop
  endfacet
  facet normal 0 0 -1
    outer loop
      vertex 34.22847547708398 -78.54895457555341 13
      vertex 31.23681590773821 -66.9346191849821 13
      vertex 32.0607176467927 -66.16092395335819 13
    endloop
  endfacet
  facet normal 0 0 -1
    outer loop
      vertex 34.22847547708398 -78.54895457555341 13
      vertex 32.0607176467927 -66.16092395335819 13
      vertex 32.78115294937453 -65.29006727063226 13
    endloop
  endfacet
  facet normal 0 0 -1
    outer loop
      vertex 34.22847547708398 -78.54895457555341 13
      vertex 32.78115294937453 -65.29006727063226 13
      vertex 33.38676012039477 -64.33578306691544 13
    endloop
  endfacet
  facet normal 0 0 -1
    outer loop
      vertex 34.22847547708398 -78.54895457555341 13
      vertex 33.38676012039477 -64.33578306691544 13
      vertex 33.86798837299426 -63.3131209741621 13
    endloop
  endfacet
  facet normal 0 0 -1
    outer loop
      vertex 34.22847547708398 -78.54895457555341 13
      vertex 33.86798837299426 -63.3131209741621 13
      vertex 34.21724845015768 -62.23820898448369 13
    endloop
  endfacet
  facet normal 0 0 -1
    outer loop
      vertex 34.21724845015768 -62.23820898448369 13
      vertex 34.4290323118303 -61.12799910207874 13
      vertex 36.484449297069425 -77.30872247279132 13
    endloop
  endfacet
  facet normal 0 0 -1
    outer loop
      vertex 34.4290323118303 -61.12799910207874 13
      vertex 34.5 -60 13
      vertex 36.484449297069425 -77.30872247279132 13
    endloop
  endfacet
  facet normal 0 0 -1
    outer loop
      vertex 36.484449297069425 -77.30872247279132 13
      vertex 36.48444929706943 -42.69127752720869 13
      vertex 38.567191789848145 -75.79552147690367 13
    endloop
  endfacet
  facet normal -0.684547105928689 0.7289686274214113 0
    outer loop
      vertex 40.44385686213894 -74.03321567153812 13
      vertex 40.44385686213894 -74.03321567153812 0
      vertex 38.567191789848145 -75.79552147690367 0
    endloop
  endfacet
  facet normal -0.7705132427757887 0.6374239897486903 0
    outer loop
      vertex 40.44385686213894 -74.03321567153812 13
      vertex 42.084848384686424 -72.0495976719957 0
      vertex 40.44385686213894 -74.03321567153812 0
    endloop
  endfacet
  facet normal -0.684547105928689 0.7289686274214113 0
    outer loop
      vertex 38.567191789848145 -75.79552147690367 13
      vertex 40.44385686213894 -74.03321567153812 13
      vertex 38.567191789848145 -75.79552147690367 0
    endloop
  endfacet
  facet normal -0.7705132427757887 0.6374239897486903 -4.592176500664651e-18
    outer loop
      vertex 40.44385686213894 -74.03321567153812 13
      vertex 42.084848384686424 -72.0495976719957 13
      vertex 42.084848384686424 -72.0495976719957 0
    endloop
  endfacet
  facet normal -0.844327925502016 0.5358267949789952 0
    outer loop
      vertex 42.084848384686424 -72.0495976719957 13
      vertex 43.4642869408992 -69.87595031908516 0
      vertex 42.084848384686424 -72.0495976719957 0
    endloop
  endfacet
  facet normal -0.9048270524660197 0.4257792915650722 0
    outer loop
      vertex 43.4642869408992 -69.87595031908516 13
      vertex 44.560417960709145 -67.5465533300359 0
      vertex 43.4642869408992 -69.87595031908516 0
    endloop
  endfacet
  facet normal -0.844327925502016 0.5358267949789952 5.412002181390647e-18
    outer loop
      vertex 42.084848384686424 -72.0495976719957 13
      vertex 43.4642869408992 -69.87595031908516 13
      vertex 43.4642869408992 -69.87595031908516 0
    endloop
  endfacet
  facet normal -0.9048270524660197 0.4257792915650722 6.054116648239053e-18
    outer loop
      vertex 43.4642869408992 -69.87595031908516 13
      vertex 44.560417960709145 -67.5465533300359 13
      vertex 44.560417960709145 -67.5465533300359 0
    endloop
  endfacet
  facet normal 0 0 -1
    outer loop
      vertex 38.567191789848145 -75.79552147690367 13
      vertex 38.56719178984814 -44.20447852309632 13
      vertex 40.44385686213894 -74.03321567153812 13
    endloop
  endfacet
  facet normal 0 0 -1
    outer loop
      vertex 40.44385686213894 -74.03321567153812 13
      vertex 40.44385686213894 -45.966784328461884 13
      vertex 42.084848384686424 -72.0495976719957 13
    endloop
  endfacet
  facet normal 0 0 -1
    outer loop
      vertex 42.084848384686424 -72.0495976719957 13
      vertex 42.084848384686424 -47.9504023280043 13
      vertex 43.4642869408992 -69.87595031908516 13
    endloop
  endfacet
  facet normal 0 0 -1
    outer loop
      vertex 43.4642869408992 -69.87595031908516 13
      vertex 43.4642869408992 -50.12404968091484 13
      vertex 44.560417960709145 -67.5465533300359 13
    endloop
  endfacet
  facet normal -0.9510565162951532 0.3090169943749487 0
    outer loop
      vertex 44.560417960709145 -67.5465533300359 13
      vertex 45.35595480313694 -65.09814268687951 0
      vertex 44.560417960709145 -67.5465533300359 0
    endloop
  endfacet
  facet normal -0.9822872507286885 0.1873813145857253 0
    outer loop
      vertex 45.35595480313694 -65.09814268687951 13
      vertex 45.8383513769468 -62.569331288068234 0
      vertex 45.35595480313694 -65.09814268687951 0
    endloop
  endfacet
  facet normal -0.9980267284282717 0.06279051952931299 0
    outer loop
      vertex 45.8383513769468 -62.569331288068234 13
      vertex 46 -60 0
      vertex 45.8383513769468 -62.569331288068234 0
    endloop
  endfacet
  facet normal -0.9510565162951532 0.3090169943749487 1.0579646322786368e-18
    outer loop
      vertex 44.560417960709145 -67.5465533300359 13
      vertex 45.35595480313694 -65.09814268687951 13
      vertex 45.35595480313694 -65.09814268687951 0
    endloop
  endfacet
  facet normal -0.9822872507286885 0.1873813145857253 2.7907564131896132e-18
    outer loop
      vertex 45.35595480313694 -65.09814268687951 13
      vertex 45.8383513769468 -62.569331288068234 13
      vertex 45.8383513769468 -62.569331288068234 0
    endloop
  endfacet
  facet normal -0.9980267284282717 0.06279051952931299 -1.842339511096079e-19
    outer loop
      vertex 45.8383513769468 -62.569331288068234 13
      vertex 46 -60 13
      vertex 46 -60 0
    endloop
  endfacet
  facet normal 0 0 -1
    outer loop
      vertex 44.560417960709145 -67.5465533300359 13
      vertex 44.56041796070915 -52.4534466699641 13
      vertex 45.35595480313694 -65.09814268687951 13
    endloop
  endfacet
  facet normal 0 0 -1
    outer loop
      vertex 45.35595480313694 -65.09814268687951 13
      vertex 45.35595480313694 -54.90185731312047 13
      vertex 45.8383513769468 -62.569331288068234 13
    endloop
  endfacet
  facet normal 0 0 -1
    outer loop
      vertex 28.281152949374526 -51.44049135334362 13
      vertex 29.341316949007354 -39.86311136006188 13
      vertex 29.332013624085654 -51.85655652780582 13
    endloop
  endfacet
  facet normal 0 0 -1
    outer loop
      vertex 30.32244115481097 -52.40104867048186 13
      vertex 29.332013624085654 -51.85655652780582 13
      vertex 29.341316949007354 -39.86311136006188 13
    endloop
  endfacet
  facet normal 0 0 -1
    outer loop
      vertex 31.236815907738208 -53.065380815017896 13
      vertex 31.83484838468642 -40.50334141594935 13
      vertex 32.0607176467927 -53.8390760466418 13
    endloop
  endfacet
  facet normal 0 0 -1
    outer loop
      vertex 30.32244115481097 -52.40104867048186 13
      vertex 31.83484838468642 -40.50334141594935 13
      vertex 31.236815907738208 -53.065380815017896 13
    endloop
  endfacet
  facet normal 0 0 -1
    outer loop
      vertex 36.484449297069425 -77.30872247279132 13
      vertex 34.5 -60 13
      vertex 34.22847547708399 -41.451045424446605 13
    endloop
  endfacet
  facet normal 0 0 -1
    outer loop
      vertex 36.484449297069425 -77.30872247279132 13
      vertex 34.22847547708399 -41.451045424446605 13
      vertex 36.48444929706943 -42.69127752720869 13
    endloop
  endfacet
  facet normal 0 0 -1
    outer loop
      vertex 38.567191789848145 -75.79552147690367 13
      vertex 36.48444929706943 -42.69127752720869 13
      vertex 38.56719178984814 -44.20447852309632 13
    endloop
  endfacet
  facet normal 0 0 -1
    outer loop
      vertex 34.4290323118303 -58.87200089792126 13
      vertex 34.22847547708399 -41.451045424446605 13
      vertex 34.5 -60 13
    endloop
  endfacet
  facet normal 0 0 -1
    outer loop
      vertex 34.4290323118303 -58.87200089792126 13
      vertex 34.21724845015768 -57.76179101551631 13
      vertex 34.22847547708399 -41.451045424446605 13
    endloop
  endfacet
  facet normal 0 0 -1
    outer loop
      vertex 33.86798837299426 -56.6868790258379 13
      vertex 33.38676012039477 -55.66421693308456 13
      vertex 34.22847547708399 -41.451045424446605 13
    endloop
  endfacet
  facet normal 0 0 -1
    outer loop
      vertex 34.21724845015768 -57.76179101551631 13
      vertex 33.86798837299426 -56.6868790258379 13
      vertex 34.22847547708399 -41.451045424446605 13
    endloop
  endfacet
  facet normal 0 0 -1
    outer loop
      vertex 32.0607176467927 -53.8390760466418 13
      vertex 31.83484838468642 -40.50334141594935 13
      vertex 32.78115294937453 -54.70993272936774 13
    endloop
  endfacet
  facet normal 0 0 -1
    outer loop
      vertex 33.38676012039477 -55.66421693308456 13
      vertex 32.78115294937453 -54.70993272936774 13
      vertex 34.22847547708399 -41.451045424446605 13
    endloop
  endfacet
  facet normal 0 0 -1
    outer loop
      vertex 24.93488532423618 -51.017759444145554 13
      vertex 26.787205650350923 -39.54045206722043 13
      vertex 26.06511467576382 -51.017759444145554 13
    endloop
  endfacet
  facet normal 0 0 -1
    outer loop
      vertex 26.06511467576382 -51.017759444145554 13
      vertex 26.787205650350923 -39.54045206722043 13
      vertex 27.18643183127152 -51.1594147434418 13
    endloop
  endfacet
  facet normal 0 0 -1
    outer loop
      vertex 27.18643183127152 -51.1594147434418 13
      vertex 26.787205650350923 -39.54045206722043 13
      vertex 28.281152949374526 -51.44049135334362 13
    endloop
  endfacet
  facet normal 0 0 -1
    outer loop
      vertex 28.281152949374526 -51.44049135334362 13
      vertex 26.787205650350923 -39.54045206722043 13
      vertex 29.341316949007354 -39.86311136006188 13
    endloop
  endfacet
  facet normal 0 0 -1
    outer loop
      vertex 30.32244115481097 -52.40104867048186 13
      vertex 29.341316949007354 -39.86311136006188 13
      vertex 31.83484838468642 -40.50334141594935 13
    endloop
  endfacet
  facet normal -0.12533323356430462 -0.9921147013144778 3.425177640709254e-17
    outer loop
      vertex 26.787205650350923 -39.54045206722043 13
      vertex 26.78720565035092 -39.54045206722043 0
      vertex 29.341316949007354 -39.86311136006188 0
    endloop
  endfacet
  facet normal -0.2486898871648554 -0.968583161128631 0
    outer loop
      vertex 29.341316949007354 -39.86311136006188 13
      vertex 29.341316949007354 -39.86311136006188 0
      vertex 31.83484838468642 -40.50334141594935 0
    endloop
  endfacet
  facet normal 0 -1 0
    outer loop
      vertex 24.212794349649077 -39.54045206722043 13
      vertex 26.78720565035092 -39.54045206722043 0
      vertex 26.787205650350923 -39.54045206722043 13
    endloop
  endfacet
  facet normal -0.1253332335643048 -0.9921147013144777 4.882861414674885e-20
    outer loop
      vertex 26.787205650350923 -39.54045206722043 13
      vertex 29.341316949007354 -39.86311136006188 0
      vertex 29.341316949007354 -39.86311136006188 13
    endloop
  endfacet
  facet normal -0.2486898871648554 -0.968583161128631 -2.3259861481936957e-18
    outer loop
      vertex 29.341316949007354 -39.86311136006188 13
      vertex 31.83484838468642 -40.50334141594935 0
      vertex 31.83484838468642 -40.50334141594935 13
    endloop
  endfacet
  facet normal -0.4817536741017135 -0.8763066800438646 0
    outer loop
      vertex 34.22847547708399 -41.451045424446605 13
      vertex 34.22847547708399 -41.451045424446605 0
      vertex 36.48444929706943 -42.69127752720869 0
    endloop
  endfacet
  facet normal -0.5877852522924735 -0.8090169943749472 0
    outer loop
      vertex 36.48444929706943 -42.69127752720869 13
      vertex 36.48444929706943 -42.69127752720869 0
      vertex 38.56719178984814 -44.20447852309632 0
    endloop
  endfacet
  facet normal 0 0 -1
    outer loop
      vertex 32.78115294937453 -54.70993272936774 13
      vertex 31.83484838468642 -40.50334141594935 13
      vertex 34.22847547708399 -41.451045424446605 13
    endloop
  endfacet
  facet normal -0.4817536741017135 -0.8763066800438646 -2.059172354358726e-18
    outer loop
      vertex 34.22847547708399 -41.451045424446605 13
      vertex 36.48444929706943 -42.69127752720869 0
      vertex 36.48444929706943 -42.69127752720869 13
    endloop
  endfacet
  facet normal -0.5877852522924735 -0.8090169943749472 3.1908435701805274e-18
    outer loop
      vertex 36.48444929706943 -42.69127752720869 13
      vertex 38.56719178984814 -44.20447852309632 0
      vertex 38.56719178984814 -44.20447852309632 13
    endloop
  endfacet
  facet normal -0.36812455268467986 -0.9297764858882507 0
    outer loop
      vertex 31.83484838468642 -40.50334141594935 13
      vertex 31.83484838468642 -40.50334141594935 0
      vertex 34.22847547708399 -41.451045424446605 0
    endloop
  endfacet
  facet normal -0.36812455268467986 -0.9297764858882507 3.824041738603787e-18
    outer loop
      vertex 31.83484838468642 -40.50334141594935 13
      vertex 34.22847547708399 -41.451045424446605 0
      vertex 34.22847547708399 -41.451045424446605 13
    endloop
  endfacet
  facet normal 0 0 -1
    outer loop
      vertex 40.44385686213894 -74.03321567153812 13
      vertex 38.56719178984814 -44.20447852309632 13
      vertex 40.44385686213894 -45.966784328461884 13
    endloop
  endfacet
  facet normal 0 0 -1
    outer loop
      vertex 42.084848384686424 -72.0495976719957 13
      vertex 40.44385686213894 -45.966784328461884 13
      vertex 42.084848384686424 -47.9504023280043 13
    endloop
  endfacet
  facet normal 0 0 -1
    outer loop
      vertex 43.4642869408992 -69.87595031908516 13
      vertex 42.084848384686424 -47.9504023280043 13
      vertex 43.4642869408992 -50.12404968091484 13
    endloop
  endfacet
  facet normal 0 0 -1
    outer loop
      vertex 44.560417960709145 -67.5465533300359 13
      vertex 43.4642869408992 -50.12404968091484 13
      vertex 44.56041796070915 -52.4534466699641 13
    endloop
  endfacet
  facet normal -0.9048270524660191 -0.42577929156507344 0
    outer loop
      vertex 44.56041796070915 -52.4534466699641 13
      vertex 43.4642869408992 -50.12404968091484 0
      vertex 44.56041796070915 -52.4534466699641 0
    endloop
  endfacet
  facet normal -0.844327925502016 -0.5358267949789952 0
    outer loop
      vertex 43.4642869408992 -50.12404968091484 13
      vertex 42.084848384686424 -47.9504023280043 0
      vertex 43.4642869408992 -50.12404968091484 0
    endloop
  endfacet
  facet normal -0.9048270524660191 -0.42577929156507344 -3.512352175312323e-18
    outer loop
      vertex 44.56041796070915 -52.4534466699641 13
      vertex 43.4642869408992 -50.12404968091484 13
      vertex 43.4642869408992 -50.12404968091484 0
    endloop
  endfacet
  facet normal -0.844327925502016 -0.5358267949789952 -5.412002181390647e-18
    outer loop
      vertex 43.4642869408992 -50.12404968091484 13
      vertex 42.084848384686424 -47.9504023280043 13
      vertex 42.084848384686424 -47.9504023280043 0
    endloop
  endfacet
  facet normal -0.9980267284282717 -0.06279051952931299 0
    outer loop
      vertex 46 -60 13
      vertex 45.8383513769468 -57.430668711931766 0
      vertex 46 -60 0
    endloop
  endfacet
  facet normal -0.9822872507286888 -0.1873813145857243 0
    outer loop
      vertex 45.8383513769468 -57.430668711931766 13
      vertex 45.35595480313694 -54.90185731312047 0
      vertex 45.8383513769468 -57.430668711931766 0
    endloop
  endfacet
  facet normal -0.9510565162951532 -0.3090169943749486 0
    outer loop
      vertex 45.35595480313694 -54.90185731312047 13
      vertex 44.56041796070915 -52.4534466699641 0
      vertex 45.35595480313694 -54.90185731312047 0
    endloop
  endfacet
  facet normal -0.9980267284282717 -0.06279051952931299 1.842339511096079e-19
    outer loop
      vertex 46 -60 13
      vertex 45.8383513769468 -57.430668711931766 13
      vertex 45.8383513769468 -57.430668711931766 0
    endloop
  endfacet
  facet normal 0 0 -1
    outer loop
      vertex 45.8383513769468 -62.569331288068234 13
      vertex 45.35595480313694 -54.90185731312047 13
      vertex 45.8383513769468 -57.430668711931766 13
    endloop
  endfacet
  facet normal 0 0 -1
    outer loop
      vertex 45.35595480313694 -65.09814268687951 13
      vertex 44.56041796070915 -52.4534466699641 13
      vertex 45.35595480313694 -54.90185731312047 13
    endloop
  endfacet
  facet normal 0 0 -1
    outer loop
      vertex 45.8383513769468 -62.569331288068234 13
      vertex 45.8383513769468 -57.430668711931766 13
      vertex 46 -60 13
    endloop
  endfacet
  facet normal -0.9822872507286888 -0.1873813145857243 -1.9506800477339584e-18
    outer loop
      vertex 45.8383513769468 -57.430668711931766 13
      vertex 45.35595480313694 -54.90185731312047 13
      vertex 45.35595480313694 -54.90185731312047 0
    endloop
  endfacet
  facet normal -0.9510565162951532 -0.3090169943749486 -2.9111758989390296e-18
    outer loop
      vertex 45.35595480313694 -54.90185731312047 13
      vertex 44.56041796070915 -52.4534466699641 13
      vertex 44.56041796070915 -52.4534466699641 0
    endloop
  endfacet
  facet normal -0.6845471059286891 -0.7289686274214112 0
    outer loop
      vertex 38.56719178984814 -44.20447852309632 13
      vertex 38.56719178984814 -44.20447852309632 0
      vertex 40.44385686213894 -45.966784328461884 0
    endloop
  endfacet
  facet normal -0.7705132427757887 -0.6374239897486903 0
    outer loop
      vertex 42.084848384686424 -47.9504023280043 13
      vertex 40.44385686213894 -45.966784328461884 0
      vertex 42.084848384686424 -47.9504023280043 0
    endloop
  endfacet
  facet normal -0.7705132427757887 -0.6374239897486903 0
    outer loop
      vertex 40.44385686213894 -45.966784328461884 13
      vertex 40.44385686213894 -45.966784328461884 0
      vertex 42.084848384686424 -47.9504023280043 13
    endloop
  endfacet
  facet normal -0.6845471059286891 -0.7289686274214112 0
    outer loop
      vertex 40.44385686213894 -45.966784328461884 13
      vertex 38.56719178984814 -44.20447852309632 13
      vertex 40.44385686213894 -45.966784328461884 0
    endloop
  endfacet
  facet normal 0.6845471059286872 0.7289686274214129 0
    outer loop
      vertex 18.939282353207297 -66.16092395335819 13
      vertex 18.939282353207297 -66.16092395335819 32
      vertex 19.763184092261795 -66.9346191849821 32
    endloop
  endfacet
  facet normal 0.9048270524660199 0.425779291565072 0
    outer loop
      vertex 17.613239879605228 -64.33578306691544 13
      vertex 17.13201162700574 -63.3131209741621 13
      vertex 17.613239879605228 -64.33578306691544 32
    endloop
  endfacet
  facet normal 0.8443279255020159 0.5358267949789955 0
    outer loop
      vertex 18.218847050625474 -65.29006727063226 13
      vertex 17.613239879605228 -64.33578306691544 13
      vertex 18.218847050625474 -65.29006727063226 32
    endloop
  endfacet
  facet normal 0.7705132427757854 0.6374239897486943 -2.4233762279286716e-18
    outer loop
      vertex 18.218847050625474 -65.29006727063226 13
      vertex 18.939282353207297 -66.16092395335819 32
      vertex 18.939282353207297 -66.16092395335819 13
    endloop
  endfacet
  facet normal 0.9822872507286884 0.18738131458572627 0
    outer loop
      vertex 16.78275154984232 -62.23820898448369 13
      vertex 16.5709676881697 -61.12799910207874 13
      vertex 16.78275154984232 -62.23820898448369 32
    endloop
  endfacet
  facet normal 0.9510565162951538 0.3090169943749469 0
    outer loop
      vertex 17.13201162700574 -63.3131209741621 13
      vertex 16.78275154984232 -62.23820898448369 13
      vertex 17.13201162700574 -63.3131209741621 32
    endloop
  endfacet
  facet normal 0.9980267284282716 0.06279051952931247 0
    outer loop
      vertex 16.5709676881697 -61.12799910207874 13
      vertex 16.5 -60 13
      vertex 16.5709676881697 -61.12799910207874 32
    endloop
  endfacet
  facet normal 0.9048270524660199 0.425779291565072 0
    outer loop
      vertex 17.13201162700574 -63.3131209741621 13
      vertex 17.13201162700574 -63.3131209741621 32
      vertex 17.613239879605228 -64.33578306691544 32
    endloop
  endfacet
  facet normal 0.7705132427757854 0.6374239897486943 0
    outer loop
      vertex 18.218847050625474 -65.29006727063226 13
      vertex 18.218847050625474 -65.29006727063226 32
      vertex 18.939282353207297 -66.16092395335819 32
    endloop
  endfacet
  facet normal 0.8443279255020159 0.5358267949789955 0
    outer loop
      vertex 17.613239879605228 -64.33578306691544 13
      vertex 17.613239879605228 -64.33578306691544 32
      vertex 18.218847050625474 -65.29006727063226 32
    endloop
  endfacet
  facet normal 0.9510565162951538 0.3090169943749469 0
    outer loop
      vertex 16.78275154984232 -62.23820898448369 13
      vertex 16.78275154984232 -62.23820898448369 32
      vertex 17.13201162700574 -63.3131209741621 32
    endloop
  endfacet
  facet normal 0.9822872507286884 0.18738131458572627 0
    outer loop
      vertex 16.5709676881697 -61.12799910207874 13
      vertex 16.5709676881697 -61.12799910207874 32
      vertex 16.78275154984232 -62.23820898448369 32
    endloop
  endfacet
  facet normal 0.9980267284282716 0.06279051952931247 7.363858052828347e-20
    outer loop
      vertex 16.5709676881697 -61.12799910207874 32
      vertex 16.5 -60 13
      vertex 16.5 -60 32
    endloop
  endfacet
  facet normal 0.6845471059286872 0.7289686274214129 4.854789395132866e-19
    outer loop
      vertex 18.939282353207297 -66.16092395335819 13
      vertex 19.763184092261795 -66.9346191849821 32
      vertex 19.763184092261795 -66.9346191849821 13
    endloop
  endfacet
  facet normal 0.5877852522924749 0.8090169943749461 -1.1898078950199938e-18
    outer loop
      vertex 19.763184092261795 -66.9346191849821 13
      vertex 20.67755884518903 -67.59895132951813 32
      vertex 20.67755884518903 -67.59895132951813 13
    endloop
  endfacet
  facet normal 0.48175367410171954 0.8763066800438611 0
    outer loop
      vertex 21.66798637591435 -68.14344347219418 13
      vertex 20.67755884518903 -67.59895132951813 13
      vertex 21.66798637591435 -68.14344347219418 32
    endloop
  endfacet
  facet normal 0.3681245526846772 0.9297764858882517 2.9963698802659284e-19
    outer loop
      vertex 21.66798637591435 -68.14344347219418 13
      vertex 22.718847050625474 -68.55950864665638 32
      vertex 22.718847050625474 -68.55950864665638 13
    endloop
  endfacet
  facet normal 0.24868988716485588 0.9685831611286307 -7.660912352400772e-19
    outer loop
      vertex 22.718847050625474 -68.55950864665638 13
      vertex 23.813568168728477 -68.8405852565582 32
      vertex 23.813568168728477 -68.8405852565582 13
    endloop
  endfacet
  facet normal 0.12533323356430487 0.9921147013144777 6.14282961898536e-19
    outer loop
      vertex 23.813568168728477 -68.8405852565582 13
      vertex 24.934885324236177 -68.98224055585445 32
      vertex 24.934885324236177 -68.98224055585445 13
    endloop
  endfacet
  facet normal 0.5877852522924749 0.8090169943749461 0
    outer loop
      vertex 19.763184092261795 -66.9346191849821 13
      vertex 19.763184092261795 -66.9346191849821 32
      vertex 20.67755884518903 -67.59895132951813 32
    endloop
  endfacet
  facet normal 0.3681245526846772 0.9297764858882517 0
    outer loop
      vertex 21.66798637591435 -68.14344347219418 13
      vertex 21.66798637591435 -68.14344347219418 32
      vertex 22.718847050625474 -68.55950864665638 32
    endloop
  endfacet
  facet normal 0.48175367410171954 0.8763066800438611 0
    outer loop
      vertex 20.67755884518903 -67.59895132951813 13
      vertex 20.67755884518903 -67.59895132951813 32
      vertex 21.66798637591435 -68.14344347219418 32
    endloop
  endfacet
  facet normal 0.24868988716485588 0.9685831611286307 0
    outer loop
      vertex 22.718847050625474 -68.55950864665638 13
      vertex 22.718847050625474 -68.55950864665638 32
      vertex 23.813568168728477 -68.8405852565582 32
    endloop
  endfacet
  facet normal 0.12533323356430487 0.9921147013144777 0
    outer loop
      vertex 23.813568168728477 -68.8405852565582 13
      vertex 23.813568168728477 -68.8405852565582 32
      vertex 24.934885324236177 -68.98224055585445 32
    endloop
  endfacet
  facet normal 0 1 0
    outer loop
      vertex 24.934885324236177 -68.98224055585445 13
      vertex 24.934885324236177 -68.98224055585445 32
      vertex 26.065114675763823 -68.98224055585445 32
    endloop
  endfacet
  facet normal 0.9980267284282716 -0.06279051952931247 0
    outer loop
      vertex 16.5 -60 13
      vertex 16.5709676881697 -58.87200089792126 13
      vertex 16.5 -60 32
    endloop
  endfacet
  facet normal 0.9822872507286884 -0.18738131458572627 0
    outer loop
      vertex 16.5709676881697 -58.87200089792126 13
      vertex 16.78275154984232 -57.76179101551631 13
      vertex 16.5709676881697 -58.87200089792126 32
    endloop
  endfacet
  facet normal 0.9510565162951538 -0.3090169943749469 0
    outer loop
      vertex 16.78275154984232 -57.76179101551631 13
      vertex 17.13201162700574 -56.6868790258379 13
      vertex 16.78275154984232 -57.76179101551631 32
    endloop
  endfacet
  facet normal 0.9048270524660199 -0.425779291565072 0
    outer loop
      vertex 17.13201162700574 -56.6868790258379 13
      vertex 17.613239879605228 -55.66421693308456 13
      vertex 17.13201162700574 -56.6868790258379 32
    endloop
  endfacet
  facet normal 0.844327925502014 -0.5358267949789984 0
    outer loop
      vertex 17.613239879605228 -55.66421693308456 13
      vertex 18.218847050625474 -54.70993272936774 13
      vertex 17.613239879605228 -55.66421693308456 32
    endloop
  endfacet
  facet normal 0.770513242775788 -0.6374239897486913 0
    outer loop
      vertex 18.218847050625474 -54.70993272936774 13
      vertex 18.939282353207297 -53.83907604664181 13
      vertex 18.218847050625474 -54.70993272936774 32
    endloop
  endfacet
  facet normal 0.9980267284282716 -0.06279051952931247 0
    outer loop
      vertex 16.5709676881697 -58.87200089792126 13
      vertex 16.5709676881697 -58.87200089792126 32
      vertex 16.5 -60 32
    endloop
  endfacet
  facet normal 0.9822872507286884 -0.18738131458572627 0
    outer loop
      vertex 16.78275154984232 -57.76179101551631 13
      vertex 16.78275154984232 -57.76179101551631 32
      vertex 16.5709676881697 -58.87200089792126 32
    endloop
  endfacet
  facet normal 0.9510565162951538 -0.3090169943749469 0
    outer loop
      vertex 17.13201162700574 -56.6868790258379 13
      vertex 17.13201162700574 -56.6868790258379 32
      vertex 16.78275154984232 -57.76179101551631 32
    endloop
  endfacet
  facet normal 0.9048270524660199 -0.425779291565072 0
    outer loop
      vertex 17.613239879605228 -55.66421693308456 13
      vertex 17.613239879605228 -55.66421693308456 32
      vertex 17.13201162700574 -56.6868790258379 32
    endloop
  endfacet
  facet normal 0.844327925502014 -0.5358267949789984 0
    outer loop
      vertex 18.218847050625474 -54.70993272936774 13
      vertex 18.218847050625474 -54.70993272936774 32
      vertex 17.613239879605228 -55.66421693308456 32
    endloop
  endfacet
  facet normal 0.770513242775788 -0.6374239897486913 0
    outer loop
      vertex 18.939282353207297 -53.83907604664181 13
      vertex 18.939282353207297 -53.83907604664181 32
      vertex 18.218847050625474 -54.70993272936774 32
    endloop
  endfacet
  facet normal 0.6845471059286905 -0.7289686274214098 0
    outer loop
      vertex 18.939282353207297 -53.83907604664181 13
      vertex 19.763184092261795 -53.065380815017896 13
      vertex 18.939282353207297 -53.83907604664181 32
    endloop
  endfacet
  facet normal 0.5877852522924749 -0.8090169943749461 0
    outer loop
      vertex 19.763184092261795 -53.065380815017896 13
      vertex 20.67755884518903 -52.40104867048186 13
      vertex 19.763184092261795 -53.065380815017896 32
    endloop
  endfacet
  facet normal 0.48175367410171605 -0.8763066800438631 0
    outer loop
      vertex 20.67755884518903 -52.40104867048186 13
      vertex 21.667986375914346 -51.85655652780582 13
      vertex 20.67755884518903 -52.40104867048186 32
    endloop
  endfacet
  facet normal 0.36812455268467614 -0.9297764858882522 0
    outer loop
      vertex 21.667986375914346 -51.85655652780582 13
      vertex 22.718847050625474 -51.44049135334362 13
      vertex 21.667986375914346 -51.85655652780582 32
    endloop
  endfacet
  facet normal 0.24868988716485513 -0.968583161128631 0
    outer loop
      vertex 22.718847050625474 -51.44049135334362 13
      vertex 23.81356816872848 -51.1594147434418 13
      vertex 22.718847050625474 -51.44049135334362 32
    endloop
  endfacet
  facet normal 0.12533323356430487 -0.9921147013144777 0
    outer loop
      vertex 23.81356816872848 -51.1594147434418 13
      vertex 24.93488532423618 -51.017759444145554 13
      vertex 23.81356816872848 -51.1594147434418 32
    endloop
  endfacet
  facet normal 0 -1 0
    outer loop
      vertex 24.93488532423618 -51.017759444145554 13
      vertex 26.06511467576382 -51.017759444145554 13
      vertex 24.93488532423618 -51.017759444145554 32
    endloop
  endfacet
  facet normal 0.6845471059286905 -0.7289686274214098 0
    outer loop
      vertex 19.763184092261795 -53.065380815017896 13
      vertex 19.763184092261795 -53.065380815017896 32
      vertex 18.939282353207297 -53.83907604664181 32
    endloop
  endfacet
  facet normal 0.5877852522924749 -0.8090169943749461 0
    outer loop
      vertex 20.67755884518903 -52.40104867048186 13
      vertex 20.67755884518903 -52.40104867048186 32
      vertex 19.763184092261795 -53.065380815017896 32
    endloop
  endfacet
  facet normal 0.48175367410171605 -0.8763066800438631 0
    outer loop
      vertex 21.667986375914346 -51.85655652780582 13
      vertex 21.667986375914346 -51.85655652780582 32
      vertex 20.67755884518903 -52.40104867048186 32
    endloop
  endfacet
  facet normal 0.36812455268467614 -0.9297764858882522 0
    outer loop
      vertex 22.718847050625474 -51.44049135334362 13
      vertex 22.718847050625474 -51.44049135334362 32
      vertex 21.667986375914346 -51.85655652780582 32
    endloop
  endfacet
  facet normal 0.24868988716485513 -0.968583161128631 0
    outer loop
      vertex 23.81356816872848 -51.1594147434418 13
      vertex 23.81356816872848 -51.1594147434418 32
      vertex 22.718847050625474 -51.44049135334362 32
    endloop
  endfacet
  facet normal 0.12533323356430487 -0.9921147013144777 0
    outer loop
      vertex 24.93488532423618 -51.017759444145554 13
      vertex 24.93488532423618 -51.017759444145554 32
      vertex 23.81356816872848 -51.1594147434418 32
    endloop
  endfacet
  facet normal 0 1 0
    outer loop
      vertex 24.934885324236177 -68.98224055585445 13
      vertex 26.065114675763823 -68.98224055585445 32
      vertex 26.065114675763823 -68.98224055585445 13
    endloop
  endfacet
  facet normal -0.12533323356430487 0.9921147013144777 -6.14282961898536e-19
    outer loop
      vertex 26.065114675763823 -68.98224055585445 13
      vertex 27.186431831271523 -68.8405852565582 32
      vertex 27.186431831271523 -68.8405852565582 13
    endloop
  endfacet
  facet normal -0.24868988716485588 0.9685831611286307 7.660912352400772e-19
    outer loop
      vertex 27.186431831271523 -68.8405852565582 13
      vertex 28.281152949374526 -68.55950864665638 32
      vertex 28.281152949374526 -68.55950864665638 13
    endloop
  endfacet
  facet normal -0.3681245526846772 0.9297764858882517 -2.9963698802659284e-19
    outer loop
      vertex 28.281152949374526 -68.55950864665638 13
      vertex 29.33201362408565 -68.14344347219418 32
      vertex 29.33201362408565 -68.14344347219418 13
    endloop
  endfacet
  facet normal -0.48175367410171116 0.8763066800438657 7.107967360618559e-19
    outer loop
      vertex 29.33201362408565 -68.14344347219418 13
      vertex 30.322441154810967 -67.59895132951814 32
      vertex 30.322441154810967 -67.59895132951814 13
    endloop
  endfacet
  facet normal -0.5877852522924786 0.8090169943749433 2.377754550743966e-19
    outer loop
      vertex 30.322441154810967 -67.59895132951814 13
      vertex 31.23681590773821 -66.9346191849821 32
      vertex 31.23681590773821 -66.9346191849821 13
    endloop
  endfacet
  facet normal -0.12533323356430487 0.9921147013144777 0
    outer loop
      vertex 26.065114675763823 -68.98224055585445 13
      vertex 26.065114675763823 -68.98224055585445 32
      vertex 27.186431831271523 -68.8405852565582 32
    endloop
  endfacet
  facet normal -0.24868988716485588 0.9685831611286307 0
    outer loop
      vertex 27.186431831271523 -68.8405852565582 13
      vertex 27.186431831271523 -68.8405852565582 32
      vertex 28.281152949374526 -68.55950864665638 32
    endloop
  endfacet
  facet normal -0.3681245526846772 0.9297764858882517 0
    outer loop
      vertex 28.281152949374526 -68.55950864665638 13
      vertex 28.281152949374526 -68.55950864665638 32
      vertex 29.33201362408565 -68.14344347219418 32
    endloop
  endfacet
  facet normal -0.48175367410171116 0.8763066800438657 0
    outer loop
      vertex 29.33201362408565 -68.14344347219418 13
      vertex 29.33201362408565 -68.14344347219418 32
      vertex 30.322441154810967 -67.59895132951814 32
    endloop
  endfacet
  facet normal -0.5877852522924786 0.8090169943749433 0
    outer loop
      vertex 30.322441154810967 -67.59895132951814 13
      vertex 30.322441154810967 -67.59895132951814 32
      vertex 31.23681590773821 -66.9346191849821 32
    endloop
  endfacet
  facet normal -0.6845471059286903 0.72896862742141 0
    outer loop
      vertex 31.23681590773821 -66.9346191849821 13
      vertex 31.23681590773821 -66.9346191849821 32
      vertex 32.0607176467927 -66.16092395335819 32
    endloop
  endfacet
  facet normal -0.6845471059286903 0.72896862742141 2.0142399672031723e-18
    outer loop
      vertex 31.23681590773821 -66.9346191849821 13
      vertex 32.0607176467927 -66.16092395335819 32
      vertex 32.0607176467927 -66.16092395335819 13
    endloop
  endfacet
  facet normal -0.7705132427757839 0.6374239897486962 1.7379066006075097e-18
    outer loop
      vertex 32.0607176467927 -66.16092395335819 13
      vertex 32.78115294937453 -65.29006727063226 32
      vertex 32.78115294937453 -65.29006727063226 13
    endloop
  endfacet
  facet normal -0.8443279255020186 0.535826794978991 2.4828195536520896e-20
    outer loop
      vertex 32.78115294937453 -65.29006727063226 13
      vertex 33.38676012039477 -64.33578306691544 32
      vertex 33.38676012039477 -64.33578306691544 13
    endloop
  endfacet
  facet normal -0.9048270524660187 0.42577929156507455 -8.42125992181903e-19
    outer loop
      vertex 33.38676012039477 -64.33578306691544 13
      vertex 33.86798837299426 -63.3131209741621 32
      vertex 33.86798837299426 -63.3131209741621 13
    endloop
  endfacet
  facet normal -0.9510565162951528 0.3090169943749497 5.238503979897583e-19
    outer loop
      vertex 33.86798837299426 -63.3131209741621 13
      vertex 34.21724845015768 -62.23820898448369 32
      vertex 34.21724845015768 -62.23820898448369 13
    endloop
  endfacet
  facet normal -0.9822872507286895 0.1873813145857202 -5.65138929511589e-19
    outer loop
      vertex 34.21724845015768 -62.23820898448369 13
      vertex 34.4290323118303 -61.12799910207874 32
      vertex 34.4290323118303 -61.12799910207874 13
    endloop
  endfacet
  facet normal -0.9980267284282714 0.06279051952931561 -2.2371696129896893e-19
    outer loop
      vertex 34.4290323118303 -61.12799910207874 13
      vertex 34.5 -60 32
      vertex 34.5 -60 13
    endloop
  endfacet
  facet normal -0.7705132427757839 0.6374239897486962 0
    outer loop
      vertex 32.0607176467927 -66.16092395335819 13
      vertex 32.0607176467927 -66.16092395335819 32
      vertex 32.78115294937453 -65.29006727063226 32
    endloop
  endfacet
  facet normal -0.8443279255020186 0.535826794978991 0
    outer loop
      vertex 32.78115294937453 -65.29006727063226 13
      vertex 32.78115294937453 -65.29006727063226 32
      vertex 33.38676012039477 -64.33578306691544 32
    endloop
  endfacet
  facet normal -0.9048270524660187 0.42577929156507455 0
    outer loop
      vertex 33.38676012039477 -64.33578306691544 13
      vertex 33.38676012039477 -64.33578306691544 32
      vertex 33.86798837299426 -63.3131209741621 32
    endloop
  endfacet
  facet normal -0.9510565162951528 0.3090169943749497 0
    outer loop
      vertex 33.86798837299426 -63.3131209741621 13
      vertex 33.86798837299426 -63.3131209741621 32
      vertex 34.21724845015768 -62.23820898448369 32
    endloop
  endfacet
  facet normal -0.9822872507286895 0.1873813145857202 0
    outer loop
      vertex 34.21724845015768 -62.23820898448369 13
      vertex 34.21724845015768 -62.23820898448369 32
      vertex 34.4290323118303 -61.12799910207874 32
    endloop
  endfacet
  facet normal -0.9980267284282714 0.06279051952931561 0
    outer loop
      vertex 34.4290323118303 -61.12799910207874 13
      vertex 34.4290323118303 -61.12799910207874 32
      vertex 34.5 -60 32
    endloop
  endfacet
  facet normal -0.12533323356430487 -0.9921147013144777 -2.3435425962747576e-17
    outer loop
      vertex 26.06511467576382 -51.017759444145554 13
      vertex 27.18643183127152 -51.1594147434418 13
      vertex 26.065114675763816 -51.017759444145554 32
    endloop
  endfacet
  facet normal -0.24868988716485513 -0.968583161128631 0
    outer loop
      vertex 27.18643183127152 -51.1594147434418 13
      vertex 28.281152949374526 -51.44049135334362 13
      vertex 27.18643183127152 -51.1594147434418 32
    endloop
  endfacet
  facet normal -0.36812455268467614 -0.9297764858882522 0
    outer loop
      vertex 28.281152949374526 -51.44049135334362 13
      vertex 29.332013624085654 -51.85655652780582 13
      vertex 28.281152949374526 -51.44049135334362 32
    endloop
  endfacet
  facet normal -0.48175367410171605 -0.8763066800438631 2.4565382818588527e-18
    outer loop
      vertex 30.32244115481097 -52.40104867048186 13
      vertex 29.332013624085654 -51.85655652780582 32
      vertex 29.332013624085654 -51.85655652780582 13
    endloop
  endfacet
  facet normal -0.5877852522924734 -0.8090169943749472 0
    outer loop
      vertex 30.32244115481097 -52.40104867048186 13
      vertex 31.236815907738208 -53.065380815017896 13
      vertex 30.32244115481097 -52.40104867048186 32
    endloop
  endfacet
  facet normal -0.6845471059286887 -0.7289686274214114 0
    outer loop
      vertex 31.236815907738208 -53.065380815017896 13
      vertex 32.0607176467927 -53.8390760466418 13
      vertex 31.236815907738208 -53.065380815017896 32
    endloop
  endfacet
  facet normal 0 -1 0
    outer loop
      vertex 24.93488532423618 -51.017759444145554 32
      vertex 26.06511467576382 -51.017759444145554 13
      vertex 26.065114675763816 -51.017759444145554 32
    endloop
  endfacet
  facet normal -0.12533323356430448 -0.9921147013144779 0
    outer loop
      vertex 27.18643183127152 -51.1594147434418 13
      vertex 27.18643183127152 -51.1594147434418 32
      vertex 26.065114675763816 -51.017759444145554 32
    endloop
  endfacet
  facet normal -0.24868988716485513 -0.968583161128631 0
    outer loop
      vertex 28.281152949374526 -51.44049135334362 13
      vertex 28.281152949374526 -51.44049135334362 32
      vertex 27.18643183127152 -51.1594147434418 32
    endloop
  endfacet
  facet normal -0.48175367410171605 -0.8763066800438631 0
    outer loop
      vertex 30.32244115481097 -52.40104867048186 13
      vertex 30.32244115481097 -52.40104867048186 32
      vertex 29.332013624085654 -51.85655652780582 32
    endloop
  endfacet
  facet normal -0.36812455268467614 -0.9297764858882522 0
    outer loop
      vertex 29.332013624085654 -51.85655652780582 13
      vertex 29.332013624085654 -51.85655652780582 32
      vertex 28.281152949374526 -51.44049135334362 32
    endloop
  endfacet
  facet normal -0.5877852522924734 -0.8090169943749472 0
    outer loop
      vertex 31.236815907738208 -53.065380815017896 13
      vertex 31.236815907738208 -53.065380815017896 32
      vertex 30.32244115481097 -52.40104867048186 32
    endloop
  endfacet
  facet normal -0.9980267284282714 -0.06279051952931561 0
    outer loop
      vertex 34.4290323118303 -58.87200089792126 13
      vertex 34.5 -60 13
      vertex 34.4290323118303 -58.87200089792126 32
    endloop
  endfacet
  facet normal -0.9510565162951528 -0.3090169943749497 -5.238503979897583e-19
    outer loop
      vertex 34.21724845015768 -57.76179101551631 13
      vertex 33.86798837299426 -56.6868790258379 32
      vertex 33.86798837299426 -56.6868790258379 13
    endloop
  endfacet
  facet normal -0.9822872507286895 -0.1873813145857202 5.65138929511589e-19
    outer loop
      vertex 34.4290323118303 -58.87200089792126 13
      vertex 34.21724845015768 -57.76179101551631 32
      vertex 34.21724845015768 -57.76179101551631 13
    endloop
  endfacet
  facet normal -0.7705132427757889 -0.63742398974869 0
    outer loop
      vertex 32.0607176467927 -53.8390760466418 13
      vertex 32.78115294937453 -54.70993272936774 13
      vertex 32.0607176467927 -53.8390760466418 32
    endloop
  endfacet
  facet normal -0.8443279255020167 -0.5358267949789939 -1.2715260251859757e-18
    outer loop
      vertex 33.38676012039477 -55.66421693308456 13
      vertex 32.78115294937453 -54.70993272936774 32
      vertex 32.78115294937453 -54.70993272936774 13
    endloop
  endfacet
  facet normal -0.9048270524660187 -0.42577929156507455 8.42125992181903e-19
    outer loop
      vertex 33.86798837299426 -56.6868790258379 13
      vertex 33.38676012039477 -55.66421693308456 32
      vertex 33.38676012039477 -55.66421693308456 13
    endloop
  endfacet
  facet normal -0.9980267284282714 -0.06279051952931561 0
    outer loop
      vertex 34.5 -60 13
      vertex 34.5 -60 32
      vertex 34.4290323118303 -58.87200089792126 32
    endloop
  endfacet
  facet normal -0.9822872507286895 -0.1873813145857202 0
    outer loop
      vertex 34.4290323118303 -58.87200089792126 13
      vertex 34.4290323118303 -58.87200089792126 32
      vertex 34.21724845015768 -57.76179101551631 32
    endloop
  endfacet
  facet normal -0.9510565162951528 -0.3090169943749497 0
    outer loop
      vertex 34.21724845015768 -57.76179101551631 13
      vertex 34.21724845015768 -57.76179101551631 32
      vertex 33.86798837299426 -56.6868790258379 32
    endloop
  endfacet
  facet normal -0.8443279255020167 -0.5358267949789939 0
    outer loop
      vertex 33.38676012039477 -55.66421693308456 13
      vertex 33.38676012039477 -55.66421693308456 32
      vertex 32.78115294937453 -54.70993272936774 32
    endloop
  endfacet
  facet normal -0.7705132427757889 -0.63742398974869 0
    outer loop
      vertex 32.78115294937453 -54.70993272936774 13
      vertex 32.78115294937453 -54.70993272936774 32
      vertex 32.0607176467927 -53.8390760466418 32
    endloop
  endfacet
  facet normal -0.9048270524660187 -0.42577929156507455 0
    outer loop
      vertex 33.86798837299426 -56.6868790258379 13
      vertex 33.86798837299426 -56.6868790258379 32
      vertex 33.38676012039477 -55.66421693308456 32
    endloop
  endfacet
  facet normal -0.6845471059286887 -0.7289686274214114 0
    outer loop
      vertex 32.0607176467927 -53.8390760466418 13
      vertex 32.0607176467927 -53.8390760466418 32
      vertex 31.236815907738208 -53.065380815017896 32
    endloop
  endfacet
  facet normal 0.6845471059286905 0.7289686274214098 0
    outer loop
      vertex 12.37856470641459 -72.32184790671639 32
      vertex 12.37856470641459 -72.32184790671639 60
      vertex 14.026368184523587 -73.86923836996421 32
    endloop
  endfacet
  facet normal 0.9048270524660189 0.4257792915650739 -1.0932708172525332e-18
    outer loop
      vertex 9.726479759210457 -68.67156613383088 32
      vertex 8.764023254011473 -66.6262419483242 32
      vertex 8.764023254011473 -66.6262419483242 60
    endloop
  endfacet
  facet normal 0.7705132427757884 0.6374239897486907 0
    outer loop
      vertex 10.937694101250946 -70.58013454126451 32
      vertex 10.937694101250946 -70.58013454126451 60
      vertex 12.37856470641459 -72.32184790671639 32
    endloop
  endfacet
  facet normal 0.8443279255020147 0.5358267949789973 -3.6194344041395854e-19
    outer loop
      vertex 10.937694101250946 -70.58013454126451 32
      vertex 9.726479759210457 -68.67156613383088 32
      vertex 9.726479759210457 -68.67156613383088 60
    endloop
  endfacet
  facet normal 0 0 1
    outer loop
      vertex 8.06550309968464 -64.47641796896738 32
      vertex 8.06550309968464 -55.52358203103261 32
      vertex 7.641935376339397 -62.25599820415747 32
    endloop
  endfacet
  facet normal 0 0 1
    outer loop
      vertex 9.726479759210457 -68.67156613383088 32
      vertex 9.726479759210457 -51.32843386616912 32
      vertex 8.764023254011473 -66.6262419483242 32
    endloop
  endfacet
  facet normal 0 0 1
    outer loop
      vertex 8.764023254011473 -66.6262419483242 32
      vertex 8.764023254011473 -53.3737580516758 32
      vertex 8.06550309968464 -64.47641796896738 32
    endloop
  endfacet
  facet normal 0 0 1
    outer loop
      vertex 10.937694101250946 -70.58013454126451 32
      vertex 12.37856470641459 -72.32184790671639 32
      vertex 12.37856470641459 -47.67815209328361 32
    endloop
  endfacet
  facet normal 0 0 1
    outer loop
      vertex 10.937694101250946 -70.58013454126451 32
      vertex 10.937694101250946 -49.41986545873549 32
      vertex 9.726479759210457 -68.67156613383088 32
    endloop
  endfacet
  facet normal 0.9510565162951543 0.3090169943749455 -3.8938606305116797e-20
    outer loop
      vertex 8.764023254011473 -66.6262419483242 32
      vertex 8.06550309968464 -64.47641796896738 32
      vertex 8.06550309968464 -64.47641796896738 60
    endloop
  endfacet
  facet normal 0.9822872507286885 0.18738131458572566 2.0203981066136052e-19
    outer loop
      vertex 8.06550309968464 -64.47641796896738 32
      vertex 7.641935376339397 -62.25599820415747 32
      vertex 7.641935376339397 -62.25599820415747 60
    endloop
  endfacet
  facet normal 0.9980267284282716 0.06279051952931267 2.470444974371718e-19
    outer loop
      vertex 7.641935376339397 -62.25599820415747 32
      vertex 7.5 -60 32
      vertex 7.5 -60 60
    endloop
  endfacet
  facet normal 0.9048270524660189 0.4257792915650739 0
    outer loop
      vertex 9.726479759210457 -68.67156613383088 32
      vertex 8.764023254011473 -66.6262419483242 60
      vertex 9.726479759210457 -68.67156613383088 60
    endloop
  endfacet
  facet normal 0.8443279255020147 0.5358267949789973 0
    outer loop
      vertex 10.937694101250946 -70.58013454126451 32
      vertex 9.726479759210457 -68.67156613383088 60
      vertex 10.937694101250946 -70.58013454126451 60
    endloop
  endfacet
  facet normal 0.7705132427757884 0.6374239897486907 0
    outer loop
      vertex 12.37856470641459 -72.32184790671639 32
      vertex 10.937694101250946 -70.58013454126451 60
      vertex 12.37856470641459 -72.32184790671639 60
    endloop
  endfacet
  facet normal 0.9822872507286885 0.18738131458572566 0
    outer loop
      vertex 8.06550309968464 -64.47641796896738 32
      vertex 7.641935376339397 -62.25599820415747 60
      vertex 8.06550309968464 -64.47641796896738 60
    endloop
  endfacet
  facet normal 0.9510565162951543 0.3090169943749455 0
    outer loop
      vertex 8.764023254011473 -66.6262419483242 32
      vertex 8.06550309968464 -64.47641796896738 60
      vertex 8.764023254011473 -66.6262419483242 60
    endloop
  endfacet
  facet normal 0.9980267284282716 0.06279051952931267 0
    outer loop
      vertex 7.641935376339397 -62.25599820415747 32
      vertex 7.5 -60 60
      vertex 7.641935376339397 -62.25599820415747 60
    endloop
  endfacet
  facet normal 0.5877852522924738 0.809016994374947 0
    outer loop
      vertex 14.026368184523587 -73.86923836996421 32
      vertex 14.026368184523587 -73.86923836996421 60
      vertex 15.85511769037806 -75.19790265903627 32
    endloop
  endfacet
  facet normal 0.36812455268467664 0.9297764858882519 0
    outer loop
      vertex 17.835972751828695 -76.28688694438836 32
      vertex 17.835972751828695 -76.28688694438836 60
      vertex 19.937694101250948 -77.11901729331277 32
    endloop
  endfacet
  facet normal 0.4817536741017157 0.8763066800438634 8.364687048370393e-19
    outer loop
      vertex 17.835972751828695 -76.28688694438836 32
      vertex 15.85511769037806 -75.19790265903627 32
      vertex 15.85511769037806 -75.19790265903627 60
    endloop
  endfacet
  facet normal 0 0 1
    outer loop
      vertex 17.835972751828695 -76.28688694438836 32
      vertex 19.937694101250948 -77.11901729331277 32
      vertex 20.67755884518903 -67.59895132951813 32
    endloop
  endfacet
  facet normal 0 0 1
    outer loop
      vertex 19.937694101250948 -77.11901729331277 32
      vertex 22.127136337456953 -77.6811705131164 32
      vertex 22.718847050625474 -68.55950864665638 32
    endloop
  endfacet
  facet normal 0 0 1
    outer loop
      vertex 22.127136337456953 -77.6811705131164 32
      vertex 24.369770648472354 -77.96448111170889 32
      vertex 24.934885324236177 -68.98224055585445 32
    endloop
  endfacet
  facet normal 0 0 1
    outer loop
      vertex 24.369770648472354 -77.96448111170889 32
      vertex 26.630229351527646 -77.96448111170889 32
      vertex 24.934885324236177 -68.98224055585445 32
    endloop
  endfacet
  facet normal 0.2486898871648559 0.9685831611286309 0
    outer loop
      vertex 19.937694101250948 -77.11901729331277 32
      vertex 19.937694101250948 -77.11901729331277 60
      vertex 22.127136337456953 -77.6811705131164 32
    endloop
  endfacet
  facet normal 0.12533323356430487 0.9921147013144778 0
    outer loop
      vertex 22.127136337456953 -77.6811705131164 32
      vertex 22.127136337456953 -77.6811705131164 60
      vertex 24.369770648472354 -77.96448111170889 32
    endloop
  endfacet
  facet normal 0 1 0
    outer loop
      vertex 24.369770648472354 -77.96448111170889 32
      vertex 24.369770648472354 -77.96448111170889 60
      vertex 26.630229351527646 -77.96448111170889 32
    endloop
  endfacet
  facet normal 0.6845471059286905 0.7289686274214098 0
    outer loop
      vertex 14.026368184523587 -73.86923836996421 32
      vertex 12.37856470641459 -72.32184790671639 60
      vertex 14.026368184523587 -73.86923836996421 60
    endloop
  endfacet
  facet normal 0.5877852522924738 0.809016994374947 0
    outer loop
      vertex 15.85511769037806 -75.19790265903627 32
      vertex 14.026368184523587 -73.86923836996421 60
      vertex 15.85511769037806 -75.19790265903627 60
    endloop
  endfacet
  facet normal 0.4817536741017157 0.8763066800438634 0
    outer loop
      vertex 17.835972751828695 -76.28688694438836 32
      vertex 15.85511769037806 -75.19790265903627 60
      vertex 17.835972751828695 -76.28688694438836 60
    endloop
  endfacet
  facet normal 0.36812455268467664 0.9297764858882519 0
    outer loop
      vertex 19.937694101250948 -77.11901729331277 32
      vertex 17.835972751828695 -76.28688694438836 60
      vertex 19.937694101250948 -77.11901729331277 60
    endloop
  endfacet
  facet normal 0.2486898871648559 0.9685831611286309 0
    outer loop
      vertex 22.127136337456953 -77.6811705131164 32
      vertex 19.937694101250948 -77.11901729331277 60
      vertex 22.127136337456953 -77.6811705131164 60
    endloop
  endfacet
  facet normal 0.12533323356430487 0.9921147013144778 0
    outer loop
      vertex 24.369770648472354 -77.96448111170889 32
      vertex 22.127136337456953 -77.6811705131164 60
      vertex 24.369770648472354 -77.96448111170889 60
    endloop
  endfacet
  facet normal 0 0 1
    outer loop
      vertex 17.835972751828695 -76.28688694438836 32
      vertex 18.218847050625474 -65.29006727063226 32
      vertex 15.85511769037806 -75.19790265903627 32
    endloop
  endfacet
  facet normal 0 0 1
    outer loop
      vertex 17.835972751828695 -76.28688694438836 32
      vertex 19.763184092261795 -66.9346191849821 32
      vertex 18.939282353207297 -66.16092395335819 32
    endloop
  endfacet
  facet normal 0 0 1
    outer loop
      vertex 15.85511769037806 -75.19790265903627 32
      vertex 18.218847050625474 -65.29006727063226 32
      vertex 17.613239879605228 -64.33578306691544 32
    endloop
  endfacet
  facet normal 0 0 1
    outer loop
      vertex 15.85511769037806 -75.19790265903627 32
      vertex 17.613239879605228 -64.33578306691544 32
      vertex 17.13201162700574 -63.3131209741621 32
    endloop
  endfacet
  facet normal 0 0 1
    outer loop
      vertex 15.85511769037806 -75.19790265903627 32
      vertex 17.13201162700574 -63.3131209741621 32
      vertex 16.78275154984232 -62.23820898448369 32
    endloop
  endfacet
  facet normal 0 0 1
    outer loop
      vertex 17.835972751828695 -76.28688694438836 32
      vertex 18.939282353207297 -66.16092395335819 32
      vertex 18.218847050625474 -65.29006727063226 32
    endloop
  endfacet
  facet normal 0 0 1
    outer loop
      vertex 12.37856470641459 -72.32184790671639 32
      vertex 14.026368184523587 -73.86923836996421 32
      vertex 14.026368184523587 -46.13076163003579 32
    endloop
  endfacet
  facet normal 0 0 1
    outer loop
      vertex 14.026368184523587 -73.86923836996421 32
      vertex 15.85511769037806 -75.19790265903627 32
      vertex 15.85511769037806 -44.802097340963726 32
    endloop
  endfacet
  facet normal 0 0 1
    outer loop
      vertex 15.85511769037806 -75.19790265903627 32
      vertex 16.78275154984232 -62.23820898448369 32
      vertex 16.5709676881697 -61.12799910207874 32
    endloop
  endfacet
  facet normal 0 0 1
    outer loop
      vertex 15.85511769037806 -75.19790265903627 32
      vertex 16.5709676881697 -61.12799910207874 32
      vertex 16.5 -60 32
    endloop
  endfacet
  facet normal 0 0 1
    outer loop
      vertex 19.937694101250948 -77.11901729331277 32
      vertex 21.66798637591435 -68.14344347219418 32
      vertex 20.67755884518903 -67.59895132951813 32
    endloop
  endfacet
  facet normal 0 0 1
    outer loop
      vertex 17.835972751828695 -76.28688694438836 32
      vertex 20.67755884518903 -67.59895132951813 32
      vertex 19.763184092261795 -66.9346191849821 32
    endloop
  endfacet
  facet normal 0 0 1
    outer loop
      vertex 19.937694101250948 -77.11901729331277 32
      vertex 22.718847050625474 -68.55950864665638 32
      vertex 21.66798637591435 -68.14344347219418 32
    endloop
  endfacet
  facet normal 0 0 1
    outer loop
      vertex 22.127136337456953 -77.6811705131164 32
      vertex 23.813568168728477 -68.8405852565582 32
      vertex 22.718847050625474 -68.55950864665638 32
    endloop
  endfacet
  facet normal 0 0 1
    outer loop
      vertex 22.127136337456953 -77.6811705131164 32
      vertex 24.934885324236177 -68.98224055585445 32
      vertex 23.813568168728477 -68.8405852565582 32
    endloop
  endfacet
  facet normal 0 0 1
    outer loop
      vertex 7.641935376339397 -62.25599820415747 32
      vertex 7.641935376339397 -57.74400179584253 32
      vertex 7.5 -60 32
    endloop
  endfacet
  facet normal 0 0 1
    outer loop
      vertex 7.641935376339397 -62.25599820415747 32
      vertex 8.06550309968464 -55.52358203103261 32
      vertex 7.641935376339397 -57.74400179584253 32
    endloop
  endfacet
  facet normal 0 0 1
    outer loop
      vertex 8.06550309968464 -64.47641796896738 32
      vertex 8.764023254011473 -53.3737580516758 32
      vertex 8.06550309968464 -55.52358203103261 32
    endloop
  endfacet
  facet normal 0 0 1
    outer loop
      vertex 8.764023254011473 -66.6262419483242 32
      vertex 9.726479759210457 -51.32843386616912 32
      vertex 8.764023254011473 -53.3737580516758 32
    endloop
  endfacet
  facet normal 0 0 1
    outer loop
      vertex 9.726479759210457 -68.67156613383088 32
      vertex 10.937694101250946 -49.41986545873549 32
      vertex 9.726479759210457 -51.32843386616912 32
    endloop
  endfacet
  facet normal 0 0 1
    outer loop
      vertex 10.937694101250946 -70.58013454126451 32
      vertex 12.37856470641459 -47.67815209328361 32
      vertex 10.937694101250946 -49.41986545873549 32
    endloop
  endfacet
  facet normal 0 0 1
    outer loop
      vertex 12.37856470641459 -72.32184790671639 32
      vertex 14.026368184523587 -46.13076163003579 32
      vertex 12.37856470641459 -47.67815209328361 32
    endloop
  endfacet
  facet normal 0.9980267284282716 -0.06279051952931267 -2.470444974371718e-19
    outer loop
      vertex 7.5 -60 32
      vertex 7.641935376339397 -57.74400179584253 32
      vertex 7.641935376339397 -57.74400179584253 60
    endloop
  endfacet
  facet normal 0.9822872507286886 -0.1873813145857251 -1.2010068501277606e-20
    outer loop
      vertex 7.641935376339397 -57.74400179584253 32
      vertex 8.06550309968464 -55.52358203103261 32
      vertex 8.06550309968464 -55.52358203103261 60
    endloop
  endfacet
  facet normal 0.9510565162951536 -0.30901699437494734 1.0728436899892128e-18
    outer loop
      vertex 8.06550309968464 -55.52358203103261 32
      vertex 8.764023254011473 -53.3737580516758 32
      vertex 8.764023254011473 -53.3737580516758 60
    endloop
  endfacet
  facet normal 0.9048270524660195 -0.4257792915650727 3.86745916013711e-19
    outer loop
      vertex 8.764023254011473 -53.3737580516758 32
      vertex 9.726479759210457 -51.32843386616912 32
      vertex 9.726479759210457 -51.32843386616912 60
    endloop
  endfacet
  facet normal 0.8443279255020147 -0.5358267949789973 3.6194344041395854e-19
    outer loop
      vertex 9.726479759210457 -51.32843386616912 32
      vertex 10.937694101250946 -49.41986545873549 32
      vertex 10.937694101250946 -49.41986545873549 60
    endloop
  endfacet
  facet normal 0.7705132427757897 -0.6374239897486893 -2.359802769726658e-18
    outer loop
      vertex 10.937694101250946 -49.41986545873549 32
      vertex 12.37856470641459 -47.67815209328361 32
      vertex 12.37856470641459 -47.67815209328361 60
    endloop
  endfacet
  facet normal 0.9980267284282716 -0.06279051952931267 0
    outer loop
      vertex 7.5 -60 32
      vertex 7.641935376339397 -57.74400179584253 60
      vertex 7.5 -60 60
    endloop
  endfacet
  facet normal 0.9822872507286886 -0.1873813145857251 0
    outer loop
      vertex 7.641935376339397 -57.74400179584253 32
      vertex 8.06550309968464 -55.52358203103261 60
      vertex 7.641935376339397 -57.74400179584253 60
    endloop
  endfacet
  facet normal 0.9510565162951536 -0.30901699437494734 0
    outer loop
      vertex 8.06550309968464 -55.52358203103261 32
      vertex 8.764023254011473 -53.3737580516758 60
      vertex 8.06550309968464 -55.52358203103261 60
    endloop
  endfacet
  facet normal 0.9048270524660195 -0.4257792915650727 0
    outer loop
      vertex 8.764023254011473 -53.3737580516758 32
      vertex 9.726479759210457 -51.32843386616912 60
      vertex 8.764023254011473 -53.3737580516758 60
    endloop
  endfacet
  facet normal 0.8443279255020147 -0.5358267949789973 0
    outer loop
      vertex 9.726479759210457 -51.32843386616912 32
      vertex 10.937694101250946 -49.41986545873549 60
      vertex 9.726479759210457 -51.32843386616912 60
    endloop
  endfacet
  facet normal 0.7705132427757897 -0.6374239897486893 0
    outer loop
      vertex 10.937694101250946 -49.41986545873549 32
      vertex 12.37856470641459 -47.67815209328361 60
      vertex 10.937694101250946 -49.41986545873549 60
    endloop
  endfacet
  facet normal 0.6845471059286888 -0.7289686274214113 0
    outer loop
      vertex 12.37856470641459 -47.67815209328361 32
      vertex 14.026368184523587 -46.13076163003579 60
      vertex 12.37856470641459 -47.67815209328361 60
    endloop
  endfacet
  facet normal 0 0 1
    outer loop
      vertex 15.85511769037806 -75.19790265903627 32
      vertex 16.5 -60 32
      vertex 15.85511769037806 -44.802097340963726 32
    endloop
  endfacet
  facet normal 0 0 1
    outer loop
      vertex 14.026368184523587 -73.86923836996421 32
      vertex 15.85511769037806 -44.802097340963726 32
      vertex 14.026368184523587 -46.13076163003579 32
    endloop
  endfacet
  facet normal 0 0 1
    outer loop
      vertex 16.5 -60 32
      vertex 16.5709676881697 -58.87200089792126 32
      vertex 15.85511769037806 -44.802097340963726 32
    endloop
  endfacet
  facet normal 0 0 1
    outer loop
      vertex 16.5709676881697 -58.87200089792126 32
      vertex 16.78275154984232 -57.76179101551631 32
      vertex 15.85511769037806 -44.802097340963726 32
    endloop
  endfacet
  facet normal 0 0 1
    outer loop
      vertex 16.78275154984232 -57.76179101551631 32
      vertex 17.13201162700574 -56.6868790258379 32
      vertex 17.83597275182869 -43.71311305561165 32
    endloop
  endfacet
  facet normal 0 0 1
    outer loop
      vertex 17.13201162700574 -56.6868790258379 32
      vertex 17.613239879605228 -55.66421693308456 32
      vertex 17.83597275182869 -43.71311305561165 32
    endloop
  endfacet
  facet normal 0 0 1
    outer loop
      vertex 17.613239879605228 -55.66421693308456 32
      vertex 18.218847050625474 -54.70993272936774 32
      vertex 17.83597275182869 -43.71311305561165 32
    endloop
  endfacet
  facet normal 0 0 1
    outer loop
      vertex 18.218847050625474 -54.70993272936774 32
      vertex 18.939282353207297 -53.83907604664181 32
      vertex 17.83597275182869 -43.71311305561165 32
    endloop
  endfacet
  facet normal 0 0 1
    outer loop
      vertex 16.78275154984232 -57.76179101551631 32
      vertex 17.83597275182869 -43.71311305561165 32
      vertex 15.85511769037806 -44.802097340963726 32
    endloop
  endfacet
  facet normal 0 0 1
    outer loop
      vertex 18.939282353207297 -53.83907604664181 32
      vertex 19.763184092261795 -53.065380815017896 32
      vertex 19.937694101250948 -42.880982706687234 32
    endloop
  endfacet
  facet normal 0 0 1
    outer loop
      vertex 19.763184092261795 -53.065380815017896 32
      vertex 20.67755884518903 -52.40104867048186 32
      vertex 19.937694101250948 -42.880982706687234 32
    endloop
  endfacet
  facet normal 0 0 1
    outer loop
      vertex 20.67755884518903 -52.40104867048186 32
      vertex 21.667986375914346 -51.85655652780582 32
      vertex 22.127136337456957 -42.3188294868836 32
    endloop
  endfacet
  facet normal 0 0 1
    outer loop
      vertex 21.667986375914346 -51.85655652780582 32
      vertex 22.718847050625474 -51.44049135334362 32
      vertex 22.127136337456957 -42.3188294868836 32
    endloop
  endfacet
  facet normal 0 0 1
    outer loop
      vertex 22.718847050625474 -51.44049135334362 32
      vertex 23.81356816872848 -51.1594147434418 32
      vertex 24.36977064847236 -42.03551888829111 32
    endloop
  endfacet
  facet normal 0 0 1
    outer loop
      vertex 23.81356816872848 -51.1594147434418 32
      vertex 24.93488532423618 -51.017759444145554 32
      vertex 24.36977064847236 -42.03551888829111 32
    endloop
  endfacet
  facet normal 0 0 1
    outer loop
      vertex 24.93488532423618 -51.017759444145554 32
      vertex 26.065114675763816 -51.017759444145554 32
      vertex 24.36977064847236 -42.03551888829111 32
    endloop
  endfacet
  facet normal 0 0 1
    outer loop
      vertex 18.939282353207297 -53.83907604664181 32
      vertex 19.937694101250948 -42.880982706687234 32
      vertex 17.83597275182869 -43.71311305561165 32
    endloop
  endfacet
  facet normal 0.6845471059286888 -0.7289686274214113 1.901116407898606e-18
    outer loop
      vertex 12.37856470641459 -47.67815209328361 32
      vertex 14.026368184523587 -46.13076163003579 32
      vertex 14.026368184523587 -46.13076163003579 60
    endloop
  endfacet
  facet normal 0.5877852522924738 -0.809016994374947 1.2216195481940162e-18
    outer loop
      vertex 14.026368184523587 -46.13076163003579 32
      vertex 15.85511769037806 -44.802097340963726 32
      vertex 15.85511769037806 -44.802097340963726 60
    endloop
  endfacet
  facet normal 0.481753674101714 -0.8763066800438644 3.3344055494664057e-18
    outer loop
      vertex 15.85511769037806 -44.802097340963726 32
      vertex 17.83597275182869 -43.71311305561165 32
      vertex 17.83597275182869 -43.71311305561165 60
    endloop
  endfacet
  facet normal 0.3681245526846788 -0.929776485888251 -8.162184978138512e-19
    outer loop
      vertex 17.83597275182869 -43.71311305561165 32
      vertex 19.937694101250948 -42.880982706687234 32
      vertex 19.937694101250948 -42.880982706687234 60
    endloop
  endfacet
  facet normal 0 0 1
    outer loop
      vertex 20.67755884518903 -52.40104867048186 32
      vertex 22.127136337456957 -42.3188294868836 32
      vertex 19.937694101250948 -42.880982706687234 32
    endloop
  endfacet
  facet normal 0 0 1
    outer loop
      vertex 22.718847050625474 -51.44049135334362 32
      vertex 24.36977064847236 -42.03551888829111 32
      vertex 22.127136337456957 -42.3188294868836 32
    endloop
  endfacet
  facet normal 0.24868988716485554 -0.968583161128631 1.0202300022241259e-18
    outer loop
      vertex 19.937694101250948 -42.880982706687234 32
      vertex 22.127136337456957 -42.3188294868836 32
      vertex 22.127136337456957 -42.3188294868836 60
    endloop
  endfacet
  facet normal 0.12533323356430467 -0.9921147013144778 -1.6504951787382953e-17
    outer loop
      vertex 22.127136337456957 -42.3188294868836 32
      vertex 24.36977064847236 -42.03551888829111 32
      vertex 24.369770648472365 -42.03551888829111 60
    endloop
  endfacet
  facet normal 0.5877852522924738 -0.809016994374947 0
    outer loop
      vertex 14.026368184523587 -46.13076163003579 32
      vertex 15.85511769037806 -44.802097340963726 60
      vertex 14.026368184523587 -46.13076163003579 60
    endloop
  endfacet
  facet normal 0.481753674101714 -0.8763066800438644 0
    outer loop
      vertex 15.85511769037806 -44.802097340963726 32
      vertex 17.83597275182869 -43.71311305561165 60
      vertex 15.85511769037806 -44.802097340963726 60
    endloop
  endfacet
  facet normal 0.3681245526846788 -0.929776485888251 0
    outer loop
      vertex 17.83597275182869 -43.71311305561165 32
      vertex 19.937694101250948 -42.880982706687234 60
      vertex 17.83597275182869 -43.71311305561165 60
    endloop
  endfacet
  facet normal 0.24868988716485554 -0.968583161128631 0
    outer loop
      vertex 19.937694101250948 -42.880982706687234 32
      vertex 22.127136337456957 -42.3188294868836 60
      vertex 19.937694101250948 -42.880982706687234 60
    endloop
  endfacet
  facet normal 0.12533323356430448 -0.9921147013144778 0
    outer loop
      vertex 22.127136337456957 -42.3188294868836 32
      vertex 24.369770648472365 -42.03551888829111 60
      vertex 22.127136337456957 -42.3188294868836 60
    endloop
  endfacet
  facet normal 0 -1 0
    outer loop
      vertex 24.36977064847236 -42.03551888829111 32
      vertex 26.63022935152764 -42.03551888829111 60
      vertex 24.369770648472365 -42.03551888829111 60
    endloop
  endfacet
  facet normal 0 0 1
    outer loop
      vertex 26.630229351527646 -77.96448111170889 32
      vertex 28.872863662543047 -77.6811705131164 32
      vertex 28.281152949374526 -68.55950864665638 32
    endloop
  endfacet
  facet normal 0 0 1
    outer loop
      vertex 28.872863662543047 -77.6811705131164 32
      vertex 31.062305898749052 -77.11901729331277 32
      vertex 30.322441154810967 -67.59895132951814 32
    endloop
  endfacet
  facet normal -0.12533323356430487 0.9921147013144778 0
    outer loop
      vertex 26.630229351527646 -77.96448111170889 32
      vertex 26.630229351527646 -77.96448111170889 60
      vertex 28.872863662543047 -77.6811705131164 32
    endloop
  endfacet
  facet normal -0.2486898871648559 0.9685831611286309 0
    outer loop
      vertex 28.872863662543047 -77.6811705131164 32
      vertex 28.872863662543047 -77.6811705131164 60
      vertex 31.062305898749052 -77.11901729331277 32
    endloop
  endfacet
  facet normal 0 0 1
    outer loop
      vertex 31.062305898749052 -77.11901729331277 32
      vertex 33.1640272481713 -76.28688694438836 32
      vertex 32.0607176467927 -66.16092395335819 32
    endloop
  endfacet
  facet normal -0.3681245526846772 0.9297764858882517 0
    outer loop
      vertex 31.062305898749052 -77.11901729331277 32
      vertex 31.062305898749052 -77.11901729331277 60
      vertex 33.1640272481713 -76.28688694438836 32
    endloop
  endfacet
  facet normal -0.48175367410171605 0.8763066800438631 0
    outer loop
      vertex 33.1640272481713 -76.28688694438836 32
      vertex 33.1640272481713 -76.28688694438836 60
      vertex 35.144882309621934 -75.19790265903627 32
    endloop
  endfacet
  facet normal -0.5877852522924705 0.8090169943749494 0
    outer loop
      vertex 35.144882309621934 -75.19790265903627 32
      vertex 35.144882309621934 -75.19790265903627 60
      vertex 36.97363181547642 -73.86923836996421 32
    endloop
  endfacet
  facet normal -0.6845471059286936 0.7289686274214068 0
    outer loop
      vertex 36.97363181547642 -73.86923836996421 32
      vertex 36.97363181547642 -73.86923836996421 60
      vertex 38.62143529358541 -72.32184790671639 32
    endloop
  endfacet
  facet normal 0 1 0
    outer loop
      vertex 26.630229351527646 -77.96448111170889 32
      vertex 24.369770648472354 -77.96448111170889 60
      vertex 26.630229351527646 -77.96448111170889 60
    endloop
  endfacet
  facet normal -0.12533323356430487 0.9921147013144778 0
    outer loop
      vertex 28.872863662543047 -77.6811705131164 32
      vertex 26.630229351527646 -77.96448111170889 60
      vertex 28.872863662543047 -77.6811705131164 60
    endloop
  endfacet
  facet normal -0.2486898871648559 0.9685831611286309 0
    outer loop
      vertex 31.062305898749052 -77.11901729331277 32
      vertex 28.872863662543047 -77.6811705131164 60
      vertex 31.062305898749052 -77.11901729331277 60
    endloop
  endfacet
  facet normal -0.3681245526846772 0.9297764858882517 0
    outer loop
      vertex 33.1640272481713 -76.28688694438836 32
      vertex 31.062305898749052 -77.11901729331277 60
      vertex 33.1640272481713 -76.28688694438836 60
    endloop
  endfacet
  facet normal -0.48175367410171605 0.8763066800438631 0
    outer loop
      vertex 35.144882309621934 -75.19790265903627 32
      vertex 33.1640272481713 -76.28688694438836 60
      vertex 35.144882309621934 -75.19790265903627 60
    endloop
  endfacet
  facet normal -0.5877852522924705 0.8090169943749494 0
    outer loop
      vertex 36.97363181547642 -73.86923836996421 32
      vertex 35.144882309621934 -75.19790265903627 60
      vertex 36.97363181547642 -73.86923836996421 60
    endloop
  endfacet
  facet normal 0 0 1
    outer loop
      vertex 24.934885324236177 -68.98224055585445 32
      vertex 26.630229351527646 -77.96448111170889 32
      vertex 26.065114675763823 -68.98224055585445 32
    endloop
  endfacet
  facet normal 0 0 1
    outer loop
      vertex 26.630229351527646 -77.96448111170889 32
      vertex 27.186431831271523 -68.8405852565582 32
      vertex 26.065114675763823 -68.98224055585445 32
    endloop
  endfacet
  facet normal 0 0 1
    outer loop
      vertex 26.630229351527646 -77.96448111170889 32
      vertex 28.281152949374526 -68.55950864665638 32
      vertex 27.186431831271523 -68.8405852565582 32
    endloop
  endfacet
  facet normal 0 0 1
    outer loop
      vertex 28.872863662543047 -77.6811705131164 32
      vertex 29.33201362408565 -68.14344347219418 32
      vertex 28.281152949374526 -68.55950864665638 32
    endloop
  endfacet
  facet normal 0 0 1
    outer loop
      vertex 28.872863662543047 -77.6811705131164 32
      vertex 30.322441154810967 -67.59895132951814 32
      vertex 29.33201362408565 -68.14344347219418 32
    endloop
  endfacet
  facet normal 0 0 1
    outer loop
      vertex 31.062305898749052 -77.11901729331277 32
      vertex 31.23681590773821 -66.9346191849821 32
      vertex 30.322441154810967 -67.59895132951814 32
    endloop
  endfacet
  facet normal 0 0 1
    outer loop
      vertex 31.062305898749052 -77.11901729331277 32
      vertex 32.0607176467927 -66.16092395335819 32
      vertex 31.23681590773821 -66.9346191849821 32
    endloop
  endfacet
  facet normal 0 0 1
    outer loop
      vertex 33.1640272481713 -76.28688694438836 32
      vertex 35.144882309621934 -75.19790265903627 32
      vertex 34.21724845015768 -62.23820898448369 32
    endloop
  endfacet
  facet normal 0 0 1
    outer loop
      vertex 33.1640272481713 -76.28688694438836 32
      vertex 32.78115294937453 -65.29006727063226 32
      vertex 32.0607176467927 -66.16092395335819 32
    endloop
  endfacet
  facet normal 0 0 1
    outer loop
      vertex 33.1640272481713 -76.28688694438836 32
      vertex 33.38676012039477 -64.33578306691544 32
      vertex 32.78115294937453 -65.29006727063226 32
    endloop
  endfacet
  facet normal 0 0 1
    outer loop
      vertex 33.1640272481713 -76.28688694438836 32
      vertex 33.86798837299426 -63.3131209741621 32
      vertex 33.38676012039477 -64.33578306691544 32
    endloop
  endfacet
  facet normal 0 0 1
    outer loop
      vertex 33.1640272481713 -76.28688694438836 32
      vertex 34.21724845015768 -62.23820898448369 32
      vertex 33.86798837299426 -63.3131209741621 32
    endloop
  endfacet
  facet normal 0 0 1
    outer loop
      vertex 35.144882309621934 -75.19790265903627 32
      vertex 34.4290323118303 -61.12799910207874 32
      vertex 34.21724845015768 -62.23820898448369 32
    endloop
  endfacet
  facet normal 0 0 1
    outer loop
      vertex 35.144882309621934 -75.19790265903627 32
      vertex 34.5 -60 32
      vertex 34.4290323118303 -61.12799910207874 32
    endloop
  endfacet
  facet normal 0 0 1
    outer loop
      vertex 35.144882309621934 -75.19790265903627 32
      vertex 36.97363181547642 -73.86923836996421 32
      vertex 36.973631815476416 -46.13076163003579 32
    endloop
  endfacet
  facet normal -0.6845471059286936 0.7289686274214068 0
    outer loop
      vertex 38.62143529358541 -72.32184790671639 32
      vertex 36.97363181547642 -73.86923836996421 60
      vertex 38.62143529358541 -72.32184790671639 60
    endloop
  endfacet
  facet normal -0.7705132427757879 0.6374239897486913 0
    outer loop
      vertex 38.62143529358541 -72.32184790671639 32
      vertex 38.62143529358541 -72.32184790671639 60
      vertex 40.06230589874905 -70.58013454126451 32
    endloop
  endfacet
  facet normal -0.8443279255020141 0.5358267949789984 0
    outer loop
      vertex 40.06230589874905 -70.58013454126451 32
      vertex 40.06230589874905 -70.58013454126451 60
      vertex 41.273520240789544 -68.67156613383088 32
    endloop
  endfacet
  facet normal -0.9048270524660198 0.42577929156507194 0
    outer loop
      vertex 41.273520240789544 -68.67156613383088 32
      vertex 41.273520240789544 -68.67156613383088 60
      vertex 42.23597674598852 -66.6262419483242 32
    endloop
  endfacet
  facet normal 0 0 1
    outer loop
      vertex 36.97363181547642 -73.86923836996421 32
      vertex 38.62143529358541 -72.32184790671639 32
      vertex 38.62143529358541 -47.6781520932836 32
    endloop
  endfacet
  facet normal 0 0 1
    outer loop
      vertex 38.62143529358541 -72.32184790671639 32
      vertex 40.06230589874905 -70.58013454126451 32
      vertex 40.06230589874905 -49.41986545873549 32
    endloop
  endfacet
  facet normal 0 0 1
    outer loop
      vertex 40.06230589874905 -70.58013454126451 32
      vertex 41.273520240789544 -68.67156613383088 32
      vertex 41.273520240789544 -51.32843386616912 32
    endloop
  endfacet
  facet normal 0 0 1
    outer loop
      vertex 41.273520240789544 -68.67156613383088 32
      vertex 42.23597674598852 -66.6262419483242 32
      vertex 42.23597674598852 -53.37375805167579 32
    endloop
  endfacet
  facet normal 0 0 1
    outer loop
      vertex 42.23597674598852 -66.6262419483242 32
      vertex 42.93449690031537 -64.47641796896738 32
      vertex 42.93449690031536 -55.52358203103262 32
    endloop
  endfacet
  facet normal 0 0 1
    outer loop
      vertex 42.93449690031537 -64.47641796896738 32
      vertex 43.3580646236606 -62.25599820415747 32
      vertex 43.3580646236606 -57.74400179584252 32
    endloop
  endfacet
  facet normal -0.9510565162951529 0.3090169943749498 0
    outer loop
      vertex 42.23597674598852 -66.6262419483242 32
      vertex 42.23597674598852 -66.6262419483242 60
      vertex 42.93449690031537 -64.47641796896738 32
    endloop
  endfacet
  facet normal -0.9822872507286889 0.18738131458572263 0
    outer loop
      vertex 42.93449690031537 -64.47641796896738 32
      vertex 42.93449690031537 -64.47641796896738 60
      vertex 43.3580646236606 -62.25599820415747 32
    endloop
  endfacet
  facet normal -0.9980267284282716 0.06279051952931267 0
    outer loop
      vertex 43.3580646236606 -62.25599820415747 32
      vertex 43.3580646236606 -62.25599820415747 60
      vertex 43.5 -60 32
    endloop
  endfacet
  facet normal -0.7705132427757879 0.6374239897486913 0
    outer loop
      vertex 40.06230589874905 -70.58013454126451 32
      vertex 38.62143529358541 -72.32184790671639 60
      vertex 40.06230589874905 -70.58013454126451 60
    endloop
  endfacet
  facet normal -0.8443279255020141 0.5358267949789984 0
    outer loop
      vertex 41.273520240789544 -68.67156613383088 32
      vertex 40.06230589874905 -70.58013454126451 60
      vertex 41.273520240789544 -68.67156613383088 60
    endloop
  endfacet
  facet normal -0.9048270524660198 0.42577929156507194 0
    outer loop
      vertex 42.23597674598852 -66.6262419483242 32
      vertex 41.273520240789544 -68.67156613383088 60
      vertex 42.23597674598852 -66.6262419483242 60
    endloop
  endfacet
  facet normal -0.9510565162951529 0.3090169943749498 0
    outer loop
      vertex 42.93449690031537 -64.47641796896738 32
      vertex 42.23597674598852 -66.6262419483242 60
      vertex 42.93449690031537 -64.47641796896738 60
    endloop
  endfacet
  facet normal -0.9822872507286889 0.18738131458572263 0
    outer loop
      vertex 43.3580646236606 -62.25599820415747 32
      vertex 42.93449690031537 -64.47641796896738 60
      vertex 43.3580646236606 -62.25599820415747 60
    endloop
  endfacet
  facet normal -0.9980267284282716 0.06279051952931267 0
    outer loop
      vertex 43.5 -60 32
      vertex 43.3580646236606 -62.25599820415747 60
      vertex 43.5 -60 60
    endloop
  endfacet
  facet normal 0 0 1
    outer loop
      vertex 26.065114675763816 -51.017759444145554 32
      vertex 27.18643183127152 -51.1594147434418 32
      vertex 28.872863662543043 -42.3188294868836 32
    endloop
  endfacet
  facet normal 0 0 1
    outer loop
      vertex 27.18643183127152 -51.1594147434418 32
      vertex 28.281152949374526 -51.44049135334362 32
      vertex 28.872863662543043 -42.3188294868836 32
    endloop
  endfacet
  facet normal 0 0 1
    outer loop
      vertex 28.281152949374526 -51.44049135334362 32
      vertex 29.332013624085654 -51.85655652780582 32
      vertex 31.062305898749052 -42.880982706687234 32
    endloop
  endfacet
  facet normal 0 0 1
    outer loop
      vertex 30.32244115481097 -52.40104867048186 32
      vertex 31.236815907738208 -53.065380815017896 32
      vertex 33.16402724817131 -43.71311305561165 32
    endloop
  endfacet
  facet normal 0 0 1
    outer loop
      vertex 30.32244115481097 -52.40104867048186 32
      vertex 31.062305898749052 -42.880982706687234 32
      vertex 29.332013624085654 -51.85655652780582 32
    endloop
  endfacet
  facet normal 0 0 1
    outer loop
      vertex 34.4290323118303 -58.87200089792126 32
      vertex 34.5 -60 32
      vertex 35.14488230962194 -44.802097340963726 32
    endloop
  endfacet
  facet normal 0 0 1
    outer loop
      vertex 34.4290323118303 -58.87200089792126 32
      vertex 35.14488230962194 -44.802097340963726 32
      vertex 34.21724845015768 -57.76179101551631 32
    endloop
  endfacet
  facet normal 0 0 1
    outer loop
      vertex 35.144882309621934 -75.19790265903627 32
      vertex 35.14488230962194 -44.802097340963726 32
      vertex 34.5 -60 32
    endloop
  endfacet
  facet normal 0 0 1
    outer loop
      vertex 35.144882309621934 -75.19790265903627 32
      vertex 36.973631815476416 -46.13076163003579 32
      vertex 35.14488230962194 -44.802097340963726 32
    endloop
  endfacet
  facet normal 0 0 1
    outer loop
      vertex 36.97363181547642 -73.86923836996421 32
      vertex 38.62143529358541 -47.6781520932836 32
      vertex 36.973631815476416 -46.13076163003579 32
    endloop
  endfacet
  facet normal 0 0 1
    outer loop
      vertex 32.0607176467927 -53.8390760466418 32
      vertex 32.78115294937453 -54.70993272936774 32
      vertex 33.16402724817131 -43.71311305561165 32
    endloop
  endfacet
  facet normal 0 0 1
    outer loop
      vertex 34.21724845015768 -57.76179101551631 32
      vertex 35.14488230962194 -44.802097340963726 32
      vertex 33.86798837299426 -56.6868790258379 32
    endloop
  endfacet
  facet normal 0 0 1
    outer loop
      vertex 33.86798837299426 -56.6868790258379 32
      vertex 35.14488230962194 -44.802097340963726 32
      vertex 33.38676012039477 -55.66421693308456 32
    endloop
  endfacet
  facet normal 0 0 1
    outer loop
      vertex 33.38676012039477 -55.66421693308456 32
      vertex 35.14488230962194 -44.802097340963726 32
      vertex 32.78115294937453 -54.70993272936774 32
    endloop
  endfacet
  facet normal 0 0 1
    outer loop
      vertex 31.236815907738208 -53.065380815017896 32
      vertex 32.0607176467927 -53.8390760466418 32
      vertex 33.16402724817131 -43.71311305561165 32
    endloop
  endfacet
  facet normal 0 0 1
    outer loop
      vertex 32.78115294937453 -54.70993272936774 32
      vertex 35.14488230962194 -44.802097340963726 32
      vertex 33.16402724817131 -43.71311305561165 32
    endloop
  endfacet
  facet normal 0 0 1
    outer loop
      vertex 24.36977064847236 -42.03551888829111 32
      vertex 26.065114675763816 -51.017759444145554 32
      vertex 26.63022935152764 -42.03551888829111 32
    endloop
  endfacet
  facet normal 0 0 1
    outer loop
      vertex 26.065114675763816 -51.017759444145554 32
      vertex 28.872863662543043 -42.3188294868836 32
      vertex 26.63022935152764 -42.03551888829111 32
    endloop
  endfacet
  facet normal 0 0 1
    outer loop
      vertex 28.281152949374526 -51.44049135334362 32
      vertex 31.062305898749052 -42.880982706687234 32
      vertex 28.872863662543043 -42.3188294868836 32
    endloop
  endfacet
  facet normal 0 0 1
    outer loop
      vertex 30.32244115481097 -52.40104867048186 32
      vertex 33.16402724817131 -43.71311305561165 32
      vertex 31.062305898749052 -42.880982706687234 32
    endloop
  endfacet
  facet normal 0 -1 0
    outer loop
      vertex 24.36977064847236 -42.03551888829111 32
      vertex 26.63022935152764 -42.03551888829111 32
      vertex 26.63022935152764 -42.03551888829111 60
    endloop
  endfacet
  facet normal -0.12533323356430467 -0.9921147013144778 7.180055233332805e-19
    outer loop
      vertex 26.63022935152764 -42.03551888829111 32
      vertex 28.872863662543043 -42.3188294868836 32
      vertex 28.872863662543043 -42.3188294868836 60
    endloop
  endfacet
  facet normal -0.24868988716485554 -0.968583161128631 -1.0202300022241259e-18
    outer loop
      vertex 28.872863662543043 -42.3188294868836 32
      vertex 31.062305898749052 -42.880982706687234 32
      vertex 31.062305898749052 -42.880982706687234 60
    endloop
  endfacet
  facet normal -0.4817536741017136 -0.8763066800438645 0
    outer loop
      vertex 35.14488230962194 -44.802097340963726 32
      vertex 35.14488230962194 -44.802097340963726 60
      vertex 33.16402724817131 -43.71311305561165 32
    endloop
  endfacet
  facet normal -0.3681245526846788 -0.929776485888251 8.162184978138512e-19
    outer loop
      vertex 31.062305898749052 -42.880982706687234 32
      vertex 33.16402724817131 -43.71311305561165 32
      vertex 33.16402724817131 -43.71311305561165 60
    endloop
  endfacet
  facet normal -0.5877852522924734 -0.8090169943749471 -3.4293864894924545e-18
    outer loop
      vertex 35.14488230962194 -44.802097340963726 32
      vertex 36.973631815476416 -46.13076163003579 32
      vertex 36.973631815476416 -46.13076163003579 60
    endloop
  endfacet
  facet normal -0.12533323356430467 -0.9921147013144778 0
    outer loop
      vertex 26.63022935152764 -42.03551888829111 32
      vertex 28.872863662543043 -42.3188294868836 60
      vertex 26.63022935152764 -42.03551888829111 60
    endloop
  endfacet
  facet normal -0.24868988716485554 -0.968583161128631 0
    outer loop
      vertex 28.872863662543043 -42.3188294868836 32
      vertex 31.062305898749052 -42.880982706687234 60
      vertex 28.872863662543043 -42.3188294868836 60
    endloop
  endfacet
  facet normal -0.3681245526846788 -0.929776485888251 0
    outer loop
      vertex 31.062305898749052 -42.880982706687234 32
      vertex 33.16402724817131 -43.71311305561165 60
      vertex 31.062305898749052 -42.880982706687234 60
    endloop
  endfacet
  facet normal -0.4817536741017136 -0.8763066800438645 0
    outer loop
      vertex 33.16402724817131 -43.71311305561165 32
      vertex 35.14488230962194 -44.802097340963726 60
      vertex 33.16402724817131 -43.71311305561165 60
    endloop
  endfacet
  facet normal -0.5877852522924734 -0.8090169943749471 0
    outer loop
      vertex 35.14488230962194 -44.802097340963726 32
      vertex 36.973631815476416 -46.13076163003579 60
      vertex 35.14488230962194 -44.802097340963726 60
    endloop
  endfacet
  facet normal -0.6845471059286888 -0.7289686274214116 0
    outer loop
      vertex 36.973631815476416 -46.13076163003579 32
      vertex 38.62143529358541 -47.6781520932836 60
      vertex 36.973631815476416 -46.13076163003579 60
    endloop
  endfacet
  facet normal 0 0 1
    outer loop
      vertex 40.06230589874905 -70.58013454126451 32
      vertex 41.273520240789544 -51.32843386616912 32
      vertex 40.06230589874905 -49.41986545873549 32
    endloop
  endfacet
  facet normal 0 0 1
    outer loop
      vertex 38.62143529358541 -72.32184790671639 32
      vertex 40.06230589874905 -49.41986545873549 32
      vertex 38.62143529358541 -47.6781520932836 32
    endloop
  endfacet
  facet normal 0 0 1
    outer loop
      vertex 42.23597674598852 -66.6262419483242 32
      vertex 42.93449690031536 -55.52358203103262 32
      vertex 42.23597674598852 -53.37375805167579 32
    endloop
  endfacet
  facet normal 0 0 1
    outer loop
      vertex 41.273520240789544 -68.67156613383088 32
      vertex 42.23597674598852 -53.37375805167579 32
      vertex 41.273520240789544 -51.32843386616912 32
    endloop
  endfacet
  facet normal 0 0 1
    outer loop
      vertex 42.93449690031537 -64.47641796896738 32
      vertex 43.3580646236606 -57.74400179584252 32
      vertex 42.93449690031536 -55.52358203103262 32
    endloop
  endfacet
  facet normal 0 0 1
    outer loop
      vertex 43.3580646236606 -62.25599820415747 32
      vertex 43.5 -60 32
      vertex 43.3580646236606 -57.74400179584252 32
    endloop
  endfacet
  facet normal -0.9980267284282716 -0.06279051952931247 9.9938073574099e-20
    outer loop
      vertex 43.3580646236606 -57.74400179584252 32
      vertex 43.5 -60 32
      vertex 43.5 -60 60
    endloop
  endfacet
  facet normal -0.9822872507286884 -0.18738131458572627 0
    outer loop
      vertex 43.3580646236606 -57.74400179584252 32
      vertex 43.3580646236606 -57.74400179584252 60
      vertex 42.93449690031536 -55.52358203103262 32
    endloop
  endfacet
  facet normal -0.9510565162951538 -0.3090169943749469 0
    outer loop
      vertex 42.93449690031536 -55.52358203103262 32
      vertex 42.93449690031536 -55.52358203103262 60
      vertex 42.23597674598852 -53.37375805167579 32
    endloop
  endfacet
  facet normal -0.8443279255020141 -0.5358267949789984 0
    outer loop
      vertex 41.273520240789544 -51.32843386616912 32
      vertex 41.273520240789544 -51.32843386616912 60
      vertex 40.06230589874905 -49.41986545873549 32
    endloop
  endfacet
  facet normal -0.7705132427757906 -0.6374239897486882 2.2139794878382696e-18
    outer loop
      vertex 38.62143529358541 -47.6781520932836 32
      vertex 40.06230589874905 -49.41986545873549 32
      vertex 40.06230589874905 -49.41986545873549 60
    endloop
  endfacet
  facet normal -0.9048270524660198 -0.42577929156507194 0
    outer loop
      vertex 42.23597674598852 -53.37375805167579 32
      vertex 42.23597674598852 -53.37375805167579 60
      vertex 41.273520240789544 -51.32843386616912 32
    endloop
  endfacet
  facet normal -0.9980267284282716 -0.06279051952931247 0
    outer loop
      vertex 43.3580646236606 -57.74400179584252 32
      vertex 43.5 -60 60
      vertex 43.3580646236606 -57.74400179584252 60
    endloop
  endfacet
  facet normal -0.9510565162951538 -0.3090169943749469 0
    outer loop
      vertex 42.23597674598852 -53.37375805167579 32
      vertex 42.93449690031536 -55.52358203103262 60
      vertex 42.23597674598852 -53.37375805167579 60
    endloop
  endfacet
  facet normal -0.9822872507286884 -0.18738131458572627 0
    outer loop
      vertex 42.93449690031536 -55.52358203103262 32
      vertex 43.3580646236606 -57.74400179584252 60
      vertex 42.93449690031536 -55.52358203103262 60
    endloop
  endfacet
  facet normal -0.7705132427757906 -0.6374239897486882 0
    outer loop
      vertex 38.62143529358541 -47.6781520932836 32
      vertex 40.06230589874905 -49.41986545873549 60
      vertex 38.62143529358541 -47.6781520932836 60
    endloop
  endfacet
  facet normal -0.8443279255020141 -0.5358267949789984 0
    outer loop
      vertex 40.06230589874905 -49.41986545873549 32
      vertex 41.273520240789544 -51.32843386616912 60
      vertex 40.06230589874905 -49.41986545873549 60
    endloop
  endfacet
  facet normal -0.9048270524660198 -0.42577929156507194 0
    outer loop
      vertex 41.273520240789544 -51.32843386616912 32
      vertex 42.23597674598852 -53.37375805167579 60
      vertex 41.273520240789544 -51.32843386616912 60
    endloop
  endfacet
  facet normal -0.6845471059286888 -0.7289686274214116 -1.037373554503847e-18
    outer loop
      vertex 36.973631815476416 -46.13076163003579 32
      vertex 38.62143529358541 -47.6781520932836 32
      vertex 38.62143529358541 -47.6781520932836 60
    endloop
  endfacet
endsolid OpenSCAD_Model
